Job Title,Job URL,Company Name,Location
Software Engineer - SQL Database,https://www.rozee.pk/the-shams-group-software-engineer-sql-database-islamabad-faisalabad-hyderabad-karachi-lahore-multan-peshawar-quetta-jobs-1570546?utm_source=jobSearch&utm_medium=website&utm_content=jobSearch_1570546&utm_campaign=ROZEE.PK_job_search&utm_term=undefined,"The Shams Group,",", Pakistan"
Software Engineer,https://www.rozee.pk/digi-soft-software-engineer-karachi-jobs-1569468?utm_source=jobSearch&utm_medium=website&utm_content=jobSearch_1569468&utm_campaign=ROZEE.PK_job_search&utm_term=undefined,"Digi Soft,",Karachi
Software Quality Assurance Engineer,https://www.rozee.pk/e2e-worx-software-quality-assurance-engineer-lahore-jobs-1566938?utm_source=jobSearch&utm_medium=website&utm_content=jobSearch_1566938&utm_campaign=ROZEE.PK_job_search&utm_term=undefined,"E2E Worx,",Lahore
Software Quality Assurance Engineer,https://www.rozee.pk/broadstone-technologies-software-quality-assurance-engineer-lahore-jobs-1566690?utm_source=jobSearch&utm_medium=website&utm_content=jobSearch_1566690&utm_campaign=ROZEE.PK_job_search&utm_term=undefined,"Broadstone Technologies,",Lahore
Software Quality Assurance Engineer,https://www.rozee.pk/musketeers-tech-software-quality-assurance-engineer-lahore-jobs-1572278?utm_source=jobSearch&utm_medium=website&utm_content=jobSearch_1572278&utm_campaign=ROZEE.PK_job_search&utm_term=undefined,"Musketeers Tech,",Lahore
Software Quality Assurance Engineer,https://www.rozee.pk/modisoft-software-quality-assurance-engineer-karachi-jobs-1574628?utm_source=jobSearch&utm_medium=website&utm_content=jobSearch_1574628&utm_campaign=ROZEE.PK_job_search&utm_term=undefined,"Modisoft,",Karachi
Software Engineer,https://www.rozee.pk/st-michael-llc-software-engineer-karachi-jobs-1574384?utm_source=jobSearch&utm_medium=website&utm_content=jobSearch_1574384&utm_campaign=ROZEE.PK_job_search&utm_term=undefined,"St. Michael Llc,",Karachi
IT Support Engineer,https://www.rozee.pk/mmba-chartered-certified-accountants-it-support-engineer-islamabad-jobs-1572354?utm_source=jobSearch&utm_medium=website&utm_content=jobSearch_1572354&utm_campaign=ROZEE.PK_job_search&utm_term=undefined,"MMBA Chartered Certified Accountants,",Islamabad
Mechanical Engineer,https://www.rozee.pk/lockersmiths-pvt-ltd-mechanical-engineer-gujranwala-jobs-1573590?utm_source=jobSearch&utm_medium=website&utm_content=jobSearch_1573590&utm_campaign=ROZEE.PK_job_search&utm_term=undefined,"Lockersmiths (Pvt) Ltd,",Gujranwala
Software Engineer,https://www.rozee.pk/croem-inc-software-engineer-islamabad-jobs-1575616?utm_source=jobSearch&utm_medium=website&utm_content=jobSearch_1575616&utm_campaign=ROZEE.PK_job_search&utm_term=undefined,"Croem Inc,",Islamabad
Civil Engineer,https://www.rozee.pk/manpoy-uk-civil-engineer-lahore-jobs-1575528?utm_source=jobSearch&utm_medium=website&utm_content=jobSearch_1575528&utm_campaign=ROZEE.PK_job_search&utm_term=undefined,"Manpoy UK,",Lahore
Software Engineer,https://www.rozee.pk/matz-solutions-pvt-ltd-software-engineer-karachi-jobs-1566824?utm_source=jobSearch&utm_medium=website&utm_content=jobSearch_1566824&utm_campaign=ROZEE.PK_job_search&utm_term=undefined,"MATZ Solutions Pvt Ltd,",Karachi
Software Support Engineer,https://www.rozee.pk/the-shams-group-software-support-engineer-islamabad-faisalabad-hyderabad-karachi-lahore-multan-quetta-rawalpindi-jobs-1567332?utm_source=jobSearch&utm_medium=website&utm_content=jobSearch_1567332&utm_campaign=ROZEE.PK_job_search&utm_term=undefined,"The Shams Group,",", Pakistan"
Mechanical Engineer,https://www.rozee.pk/nateeq-enterprise-mechanical-engineer-lahore-jobs-1571000?utm_source=jobSearch&utm_medium=website&utm_content=jobSearch_1571000&utm_campaign=ROZEE.PK_job_search&utm_term=undefined,"Nateeq Enterprise,",Lahore
Software Engineer,https://www.rozee.pk/softo-tech-software-engineer-islamabad-jobs-1572190?utm_source=jobSearch&utm_medium=website&utm_content=jobSearch_1572190&utm_campaign=ROZEE.PK_job_search&utm_term=undefined,"Softo Tech,",Islamabad
Software Engineer,https://www.rozee.pk/universal-technology-systems-and-associates-llc-software-engineer-mckinney-jobs-1567466?utm_source=jobSearch&utm_medium=website&utm_content=jobSearch_1567466&utm_campaign=ROZEE.PK_job_search&utm_term=undefined,"Universal Technology Systems and Associates LLC,",N/A
Principal Software Engineer,https://www.rozee.pk/pakistan-single-window-principal-software-engineer-karachi-jobs-1571890?utm_source=jobSearch&utm_medium=website&utm_content=jobSearch_1571890&utm_campaign=ROZEE.PK_job_search&utm_term=undefined,"Pakistan Single Window,",Karachi
ASP.NET Developer / Software Engineer,https://www.rozee.pk/evolved-tax-aspnet-developer-software-engineer-islamabad-rawalpindi-jobs-1571118?utm_source=jobSearch&utm_medium=website&utm_content=jobSearch_1571118&utm_campaign=ROZEE.PK_job_search&utm_term=undefined,"Evolved Tax,",", Pakistan"
Senior Software Engineer,https://www.rozee.pk/pakistan-single-window-senior-software-engineer-karachi-jobs-1571894?utm_source=jobSearch&utm_medium=website&utm_content=jobSearch_1571894&utm_campaign=ROZEE.PK_job_search&utm_term=undefined,"Pakistan Single Window,",Karachi
Full Stack Software Engineer,https://www.rozee.pk/szabist-islamabad-campus-full-stack-software-engineer-islamabad-jobs-1573446?utm_source=jobSearch&utm_medium=website&utm_content=jobSearch_1573446&utm_campaign=ROZEE.PK_job_search&utm_term=undefined,"SZABIST - Islamabad Campus,",Islamabad
Software Quality Assurance Engineer,https://www.rozee.pk/modisoft-private-limited-software-quality-assurance-engineer-karachi-jobs-1574372?utm_source=jobSearch&utm_medium=website&utm_content=jobSearch_1574372&utm_campaign=ROZEE.PK_job_search&utm_term=undefined,"Modisoft Private Limited,",Karachi
Senior Automated Quality Assurance Engineer,https://www.rozee.pk/rayymen-technologies-private-limited-senior-automated-quality-assurance-engineer-islamabad-faisalabad-lahore-rawalpindi-jobs-1563290?utm_source=jobSearch&utm_medium=website&utm_content=jobSearch_1563290&utm_campaign=ROZEE.PK_job_search&utm_term=undefined,"Rayymen Technologies Private Limited,",
Software Engineer,https://www.rozee.pk/xoftex-software-engineer-lahore-jobs-1569090?utm_source=jobSearch&utm_medium=website&utm_content=jobSearch_1569090&utm_campaign=ROZEE.PK_job_search&utm_term=undefined,"Xoftex,",Lahore
Software Engineer (Node.Js),https://www.rozee.pk/mmc-software-engineer-nodejs-islamabad-jobs-1568810?utm_source=jobSearch&utm_medium=website&utm_content=jobSearch_1568810&utm_campaign=ROZEE.PK_job_search&utm_term=undefined,"MMC,",Islamabad
IT Support Engineer,https://www.rozee.pk/hasnain-tanweer-associates-it-support-engineer-karachi-jobs-1566396?utm_source=jobSearch&utm_medium=website&utm_content=jobSearch_1566396&utm_campaign=ROZEE.PK_job_search&utm_term=undefined,"Hasnain Tanweer Associates,",Karachi
Electrical Engineer,https://www.rozee.pk/digilog-software-electrical-engineer-lahore-jobs-1569298?utm_source=jobSearch&utm_medium=website&utm_content=jobSearch_1569298&utm_campaign=ROZEE.PK_job_search&utm_term=undefined,"Digilog Software,",Lahore
Design Engineer,https://www.rozee.pk/fsk-partners-design-engineer-islamabad-hyderabad-karachi-lahore-jobs-1572520?utm_source=jobSearch&utm_medium=website&utm_content=jobSearch_1572520&utm_campaign=ROZEE.PK_job_search&utm_term=undefined,"FSK & Partners,",", Pakistan"
Estimation Engineer,https://www.rozee.pk/alzayed-shades-and-tents-llc-estimation-engineer-lahore-jobs-1568034?utm_source=jobSearch&utm_medium=website&utm_content=jobSearch_1568034&utm_campaign=ROZEE.PK_job_search&utm_term=undefined,"Alzayed Shades And Tents LLC,",Lahore
Senior Frontend Software Engineer,https://www.rozee.pk/rayymen-technologies-private-limited-senior-frontend-software-engineer-islamabad-faisalabad-gujranwala-lahore-rawalpindi-gujrat-jobs-1563312?utm_source=jobSearch&utm_medium=website&utm_content=jobSearch_1563312&utm_campaign=ROZEE.PK_job_search&utm_term=undefined,"Rayymen Technologies Private Limited,",
Field Engineer,https://www.rozee.pk/muslim-aid-field-engineer-chitral-jobs-1572964?utm_source=jobSearch&utm_medium=website&utm_content=jobSearch_1572964&utm_campaign=ROZEE.PK_job_search&utm_term=undefined,"Muslim Aid,",Chitral
Software Quality Assurance Engineer,https://www.rozee.pk/modisoft-pvt-ltd-software-quality-assurance-engineer-karachi-jobs-1575480?utm_source=jobSearch&utm_medium=website&utm_content=jobSearch_1575480&utm_campaign=ROZEE.PK_job_search&utm_term=undefined,"Modisoft Pvt Ltd,",Karachi
Software Quality Assurance Engineer,https://www.rozee.pk/zam-software-solutions-software-quality-assurance-engineer-islamabad-jobs-1560374?utm_source=jobSearch&utm_medium=website&utm_content=jobSearch_1560374&utm_campaign=ROZEE.PK_job_search&utm_term=undefined,"Zam Software Solutions,",Islamabad
Sales Engineer,https://www.rozee.pk/creative-electronics-automation-sales-engineer-islamabad-jobs-1573156?utm_source=jobSearch&utm_medium=website&utm_content=jobSearch_1573156&utm_campaign=ROZEE.PK_job_search&utm_term=undefined,"Creative Electronics & Automation,",Islamabad
Software Engineer,https://www.rozee.pk/wayne-enterprises-software-engineer-all-cities-jobs-1573006?utm_source=jobSearch&utm_medium=website&utm_content=jobSearch_1573006&utm_campaign=ROZEE.PK_job_search&utm_term=undefined,"Wayne Enterprises,",", Pakistan"
QA Automation Engineer,https://www.rozee.pk/computer-house-qa-automation-engineer-lahore-jobs-1568846?utm_source=jobSearch&utm_medium=website&utm_content=jobSearch_1568846&utm_campaign=ROZEE.PK_job_search&utm_term=undefined,"Computer House,",Lahore
