Title,URL,Views,Channel,Upload Date,Duration
How To Earn 200$ with Deepseek AI (FREE) | Create Tool Website Using Deepseek AI | Deepseek R1,https://www.youtube.com/watch?v=6Y287V4PPUI&pp=ygUIRGVlcHNlZWs%3D,18K views,,4 days ago,
à¸£à¸¹à¹‰à¸ˆà¸±à¸ DeepSeek AI à¸™à¹‰à¸­à¸‡à¹ƒà¸«à¸¡à¹ˆ à¸—à¸³à¹„à¸¡à¸–à¸¶à¸‡à¸¡à¸²à¹à¸£à¸‡à¸¢à¸´à¹ˆà¸‡à¸à¸§à¹ˆà¸²à¸¡à¹‰à¸²à¸¡à¸·à¸” I Ceemeagain,https://www.youtube.com/watch?v=OMi23SYvfO4&pp=ygUIRGVlcHNlZWs%3D,87K views,,2 weeks ago,
DeepSeek AI Kya Hai? #deepseek #sscutkarsh #shorts,https://www.youtube.com/shorts/i3RQV3mK3KY,28K views,,2 weeks ago,
Should you sell Nvidiaâ€™s stock? #nvidia #ai #deepseek #stockmarket,https://www.youtube.com/shorts/KqmSIIISTDw,25K views,,2 weeks ago,
Deepseek R1 671b Local Ai Takes How Much Power?! ğŸ‘€âš¡ğŸ’¸,https://www.youtube.com/shorts/8bPn0Yl-PK4,101K views,,2 weeks ago,
ã€DeepSeekã€‘ç±³ãƒ†ãƒƒã‚¯ã‚’æŠœãï¼ŸAIå°‚é–€å®¶ã€Œè¶…ã™ã”ã„ã€é–‹ç™ºã‚³ã‚¹ãƒˆã®å®‰ã•ã¨ãƒ‰æ ¹æ€§ã«é©šæ„•â€¦ã‚¹ã‚¿ãƒ¼ã‚²ãƒ¼ãƒˆè¨ˆç”»ã¯ï¼Ÿæ±å¤§ã§7åƒäººå—è¬›å¸Œæœ›ã®ç ”ç©¶è€…ãŒè§£èª¬ï½œã‚¢ãƒ™ãƒ’ãƒ«,https://www.youtube.com/watch?v=M1OvmjV0nc8&pp=ygUIRGVlcHNlZWs%3D,164K views,,2 weeks ago,
DeepSeek stole our tech... says OpenAI,https://www.youtube.com/watch?v=hpwoGjpYygI&pp=ygUIRGVlcHNlZWs%3D,2.3M views,,2 weeks ago,4:51
HOW TO MAKE MONEY WITH GOOGLE & DEEPSEEK (Step By Step Tutorial),https://www.youtube.com/watch?v=17kbiDWW14E&pp=ygUIRGVlcHNlZWs%3D,34K views,,9 days ago,30:00
DeepSeek-R1 Logo Design is INSANE ğŸ³ğŸ’¥,https://www.youtube.com/shorts/Sy2tBraY0EM,6.4K views,,2 weeks ago,
DEEPSEEK AI CHINA KALAHKAN ChatGPT DAN BIKIN SAHAM AMERIKA ANJLOK RIBUAN TRILIUN,https://www.youtube.com/watch?v=cVQcmJnbB0o&pp=ygUIRGVlcHNlZWs%3D,287K views,,2 weeks ago,
Deepseek DEEP Agent: This AI Agent CAN CONTROL 1000s OF BROWSERS AT ONCE! (Deep Research),https://www.youtube.com/watch?v=cUsSAxwEs8Y&pp=ygUIRGVlcHNlZWs%3D,33K views,,8 days ago,
How Did China Build AI So Fast? #shorts #mangeshshinde #deepseek,https://www.youtube.com/shorts/Rh9NCEzsl8w,424K views,,2 weeks ago,
1Task = $166 Earn DeepSeek Make Money Online,https://www.youtube.com/watch?v=-GSGManhfyA&pp=ygUIRGVlcHNlZWs%3D,93K views,,2 weeks ago,
DeepSeek R1 on M4 MacBook Pro | fail,https://www.youtube.com/shorts/CSSvJhRiP18,96K views,,2 weeks ago,
INSANE Deepseek R1 Bias! Use with caution #genai #deepseek #opensource,https://www.youtube.com/shorts/hoe85EVbpec,105K views,,3 weeks ago,
Deepseek Â¿Sabes la verdad? - Lo instalamos localmente en una Orange Pi 5 Max,https://www.youtube.com/watch?v=0UJIefDD8YI&pp=ygUIRGVlcHNlZWs%3D,20K views,,8 days ago,17:26
DeepSeek: Ultimate $1944/Day DeepSeek AI Automation MASTERCLASS (Make Money Online 2025),https://www.youtube.com/watch?v=wwj-WDF6GOY&pp=ygUIRGVlcHNlZWs%3D,49K views,,13 days ago,43:55
La IA china DeepSeek agita las Bolsas y desafÃ­a a Silicon Valley,https://www.youtube.com/watch?v=_zeMQ_hpb9s&pp=ygUIRGVlcHNlZWs%3D,299K views,,2 weeks ago,12:02
à¸—à¸¸à¸à¸„à¸™à¸à¸¹à¸”à¸–à¸¶à¸‡ DeepSeek,https://www.youtube.com/watch?v=R0ieJc6MNew&pp=ygUIRGVlcHNlZWs%3D,687K views,,2 weeks ago,
What the DeepSeek AI Fever Says About China's Economy,https://www.youtube.com/watch?v=5aF66U3RbQo&pp=ygUIRGVlcHNlZWs%3D,19K views,,3 days ago,3:58
ã€å»£æ±è©±ã€‘è©³è§£DeepSeekæ†‘ä»€éº¼æ‰“è´ç¾åœ‹AIå·¨é ­ï¼šå»‰åƒ¹ã€é«˜æ•ˆLLMè­‰æ˜æ‹œç™»ã€ç‰¹æœ—æ™®ã€Œéƒ½éŒ¯äº†ã€ï¼Ÿï½œJack Talkï½œäººå·¥æ™ºèƒ½ï½œChatGPTï½œOpenAIï½œo3-mini vs R1,https://www.youtube.com/watch?v=aXaWJeNAwF8&pp=ygUIRGVlcHNlZWs%3D,91K views,,7 days ago,
DeepSeek ğŸ‹ End of ChatGPT? ğŸ˜± | Madan Gowri | Tamil | MG Squad ğŸ––,https://www.youtube.com/watch?v=6KKW68r5Fhc&pp=ygUIRGVlcHNlZWs%3D,512K views,,2 weeks ago,
ğŸ¤¯ AI à®ªà¯‹à®°à¯ˆ à®¤à¯Šà®Ÿà®™à¯à®•à®¿à®¯à®¤à®¾ à®šà¯€à®©à®¾? ğŸ˜± China's DeepSeek à®šà®®à¯à®ªà®µà®®à¯ | Mr.GK,https://www.youtube.com/watch?v=d1ru8MN3ob4&pp=ygUIRGVlcHNlZWs%3D,212K views,,2 weeks ago,
"Chinese AI app DeepSeek shakes tech industry, wiping half a trillion dollars off Nvidia | DW News",https://www.youtube.com/watch?v=ul6y2IoRNVI&pp=ygUIRGVlcHNlZWs%3D,636K views,,2 weeks ago,
à¶±à·œà¶¸à·’à¶½à·š à¶¯à·™à¶± DeepSeek AI à¶‘à¶šà·š à¶‡à¶­à·Šà¶­à¶¸ à¶šà¶­à·à·€ à¶¸à·œà¶šà¶šà·Šà¶¯ ?,https://www.youtube.com/watch?v=EUpIRB9MRyA&pp=ygUIRGVlcHNlZWs%3D,37K views,,2 weeks ago,11:03
DeepSeek R1 EXPOSED in 2 Minutes Flat!,https://www.youtube.com/watch?v=svGqEaeoe7A&pp=ygUIRGVlcHNlZWs%3D,1.8K views,,2 weeks ago,2:25
Deepseek valla loss ayna ğŸ˜¢ #deepseek #ai #chatgpt #telugu,https://www.youtube.com/shorts/imnSKL3TgrI,40K views,,2 weeks ago,
US Navy Bans DeepSeek AI Over Security Concerns,https://www.youtube.com/shorts/D1iFe22CTME,4.7K views,,2 weeks ago,
"ä¸­å›½è£½ã®äººå·¥çŸ¥èƒ½""DeepSeek""ã‚’Raspberry Pi 5ã§å‹•ã‹ã™! ChatGPTã‚ˆã‚Šé«˜æ€§èƒ½?",https://www.youtube.com/watch?v=RG1VZLf5Vio&pp=ygUIRGVlcHNlZWs%3D,51K views,,2 days ago,
DeepSeek is BETTER than ChatGPT ?! *Reality*,https://www.youtube.com/watch?v=if0oVbCU4ss&pp=ygUIRGVlcHNlZWs%3D,459K views,,13 days ago,11:13
ÙƒÙŠÙ Ù‡Ø²Øª DeepSeek Ø§Ù„Ø¹Ø§Ù„Ù…ØŸ Ù‡Ù„ ÙŠØªÙÙˆÙ‚ Ø§Ù„Ø°ÙƒØ§Ø¡ Ø§Ù„ØµÙŠÙ†ÙŠ Ø¹Ù„Ù‰ Ø¹Ù…Ø§Ù„Ù‚Ø© Ø£Ù…Ø±ÙŠÙƒØ§ØŸ,https://www.youtube.com/watch?v=7XMUEZJpCzc&pp=ygUIRGVlcHNlZWs%3D,1.2M views,,2 weeks ago,
DeepSeek R1 - Real Money | Zero Competition Calculator Tools | Full Tutorial,https://www.youtube.com/watch?v=7oqUStl8HIU&pp=ygUIRGVlcHNlZWs%3D,63K views,,9 days ago,
DeepSeekæ‰“ç ´ä»·æ ¼å£å’ å¤§é©¬åº”å¦‚ä½•å€Ÿæœºè½¬å‹? | å…«ç‚¹æœ€çƒ­æŠ¥ 06/02/2025,https://www.youtube.com/watch?v=sXoLu56dP7w&pp=ygUIRGVlcHNlZWs%3D,67K views,,10 days ago,
DeepSeek ve yapay zeka: Ã‡in ABDâ€™yi nasÄ±l sarstÄ±?,https://www.youtube.com/watch?v=G2fxGMmz0rI&pp=ygUIRGVlcHNlZWs%3D,116K views,,2 weeks ago,
Illustrated DeepSeek-R1 And Live Q&A With Jay Alammar,https://www.youtube.com/watch?v=D-MtK5Ec_nw&pp=ygUIRGVlcHNlZWs%3D,1.9K views,,Streamed 1 hour ago,1:02:03
Learn how ChatGPT and DeepSeek models work: How Transformer LLMs Work [Free Course],https://www.youtube.com/watch?v=k1ILy23t89E&pp=ygUIRGVlcHNlZWs%3D,93K views,,5 days ago,
Is DeepSeek Lying to you? #shorts #wireshark #deepseek #privacy #cybersecurity,https://www.youtube.com/shorts/I_bGa-xIHkk,206K views,,11 days ago,
"DeepSeek Drama, Explained",https://www.youtube.com/shorts/3otH78x4v-w,1.1M views,,2 weeks ago,
La forma mÃ¡s FÃCIL de Instalar DeepSeek en VSCode,https://www.youtube.com/watch?v=L13CHhZeTYw&pp=ygUIRGVlcHNlZWs%3D,132K views,,13 days ago,
Deepseek Computer Use AI Agents are CRAZY (FREE!) ğŸ¤¯,https://www.youtube.com/watch?v=iEsBav7E7b4&pp=ygUIRGVlcHNlZWs%3D,1.6K views,,1 day ago,
Illustrated DeepSeek-R1 And Live Q&A With Jay Alammar,https://www.youtube.com/watch?v=D-MtK5Ec_nw&pp=ygUIRGVlcHNlZWs%3D,2.2K views,,Streamed 1 hour ago,1:02:03
NEW Deepseek AI Good For Creating Trading Strategies in TradingView and PineScript? (FREE AI),https://www.youtube.com/watch?v=waKGeoeM6HU&pp=ygUIRGVlcHNlZWs%3D,846K views,,3 weeks ago,
Tiny DeepSeek R1 Clone Beats O1-Preview at Math?! PhD Student's STUNNING Discovery,https://www.youtube.com/watch?v=QxZ7oQRJqik&pp=ygUIRGVlcHNlZWs%3D,44K views,,4 days ago,6:51
When AI Competes: Deepseek Vs Open AI Explained,https://www.youtube.com/watch?v=zWOPThV8kIs&pp=ygUIRGVlcHNlZWs%3D,779K views,,4 days ago,33:39
How to Use DeepSeek AI App Beginners Guide 2025,https://www.youtube.com/watch?v=dwQzu124Kss&pp=ygUIRGVlcHNlZWs%3D,1.7K views,,2 weeks ago,
Why the West Hates DeepSeek? | Vantage with Palki Sharma | N18G,https://www.youtube.com/shorts/fQ89Q1HrUEE,145K views,,2 weeks ago,
I Think I Love Deepseek R1,https://www.youtube.com/watch?v=GNHuJE_GARc&pp=ygUIRGVlcHNlZWs%3D,492K views,,2 weeks ago,
DEEPSEEK HUMILIATES CHATGTP! IS THE HYPE REAL? ? OFFICIAL COMPARISON,https://www.youtube.com/watch?v=vtE-Ar1IHYU&pp=ygUIRGVlcHNlZWs%3D,66K views,,2 weeks ago,32:28
Running FULL DeepSeek R1 671B Locally (Test and Install!),https://www.youtube.com/watch?v=_PxT9pyN_eE&pp=ygUIRGVlcHNlZWs%3D,62K views,,2 weeks ago,30:05
How to Create a Tool Website using Deepseek Ai and Gemini Ai in WordPress | Make Money Online,https://www.youtube.com/watch?v=1BAeNhoILY0&pp=ygUIRGVlcHNlZWs%3D,3.9K views,,6 days ago,16:16
ğŸ¤¯DeepSeek R1 vs ChatGPT: Who Will Dominate the Future of AI?,https://www.youtube.com/watch?v=KTaje4K9msY&pp=ygUIRGVlcHNlZWs%3D,74K views,,3 weeks ago,
How Chinaâ€™s New AI Model DeepSeek Is Threatening U.S. Dominance,https://www.youtube.com/watch?v=WEBiebbeNCA&pp=ygUIRGVlcHNlZWs%3D,5.3M views,,3 weeks ago,40:25
Deepseek R1 Explained by a Retired Microsoft Engineer,https://www.youtube.com/watch?v=r3TpcHebtxM&pp=ygUIRGVlcHNlZWs%3D,2.3M views,,2 weeks ago,10:07
DeepSeek's New AI Model: A Game-Changer in Open-Source AI?,https://www.youtube.com/shorts/lKVYFl_tk78,164 views,,1 month ago,
Chinaâ€™s DeepSeek - A Balanced Overview,https://www.youtube.com/watch?v=-KK8SuvwoRQ&pp=ygUIRGVlcHNlZWs%3D,1M views,,2 weeks ago,18:42
DeepSeek Just Lost to Alibabaâ€™s New AI!,https://www.youtube.com/watch?v=0GQe7FUkZBA&pp=ygUIRGVlcHNlZWs%3D,107K views,,2 weeks ago,
Ø§Ù„Ø°ÙƒØ§Ø¡ Ø§Ù„Ø§ØµØ·Ù†Ø§Ø¹ÙŠ Ø§Ù„Ù„ÙŠ Ø¯Ù…Ø± Ø§Ù„Ø´Ø±ÙƒØ§Øª Ø§Ù„Ø§Ù…Ø±ÙŠÙƒÙŠØ© - deepseek,https://www.youtube.com/watch?v=kBf8c0Wp8FI&pp=ygUIRGVlcHNlZWs%3D,114K views,,2 weeks ago,
Deepseek - a cheater? (Exposed),https://www.youtube.com/watch?v=9VvExifFdBE&pp=ygUIRGVlcHNlZWs%3D,433K views,,2 weeks ago,8:03
Things You Should Know About Deepseek AI !! #shorts #deepseek,https://www.youtube.com/shorts/LeeKyrHNX7U,8.4K views,,12 days ago,
ğŸš¨ DEEPSEEK: El TERREMOTO CHINO que NADIE ESPERABA y QUE PUEDE CAMBIARLO TODO. Las TECH se DESPLOMAN,https://www.youtube.com/watch?v=E56YjkyaGFI&pp=ygUIRGVlcHNlZWs%3D,867K views,,2 weeks ago,
DeepSeek R1 æˆåŠŸè¶Šç‹±ï¼æ— å®¡æŸ¥ã€æ— æ€æƒ³é’¢å°ï¼Œæ— æ”¿æ²»å€¾å‘ï¼Œçªç ´é“å¾·æ·é”ï¼AI çœŸçš„è‡ªç”±äº†ï¼Ÿé™„æ¨¡å‹ä¸‹è½½ | é›¶åº¦è§£è¯´,https://www.youtube.com/watch?v=L1QkuWK4U9g&pp=ygUIRGVlcHNlZWs%3D,422K views,,10 days ago,
"QuÃ© es DeepSeek, la IA china mÃ¡s barata que censura y desafÃ­a a las tecnolÃ³gicas de EE. UU.",https://www.youtube.com/watch?v=N9M13Nn6VXo&pp=ygUIRGVlcHNlZWs%3D,651K views,,2 weeks ago,
DeepSeek se estÃ¡ garchando a todos.,https://www.youtube.com/watch?v=u6lLOoB5PgA&pp=ygUIRGVlcHNlZWs%3D,47K views,,2 weeks ago,4:55
Easiest $125/Hour DeepSeek Tutorial (Make Money Online 2025),https://www.youtube.com/watch?v=SqTYViQVq-8&pp=ygUIRGVlcHNlZWs%3D,77K views,,9 days ago,
CRISE NA BOLSA AMERICANA: A NOVA IA DeepSeek,https://www.youtube.com/watch?v=-dwswozDaqg&pp=ygUIRGVlcHNlZWs%3D,238K views,,4 days ago,13:30
DeepSeek Explained: AI is Changing EVERYTHING!,https://www.youtube.com/watch?v=gZuVtxavwc4&t=62s&pp=ygUIRGVlcHNlZWs%3D,8.8K views,,5 days ago,
DeepSeek is not just shaking up AI â€“ itâ€™s also shaking up US capitalism,https://www.youtube.com/watch?v=wMxXqDNu9_w&pp=ygUIRGVlcHNlZWs%3D,255K views,,2 weeks ago,8:49
How To Dropship With Deepseek (NEW AI METHOD REVEALED),https://www.youtube.com/watch?v=KQtRRPihI00&pp=ygUIRGVlcHNlZWs%3D,5.1K views,,2 days ago,23:14
The DARK Reality Of DeepSeek AIğŸ”¥ğŸ”¥ğŸ”¥,https://www.youtube.com/watch?v=ZSH4lX8XaOY&pp=ygUIRGVlcHNlZWs%3D,132K views,,13 days ago,
NEW DeepSeek-V3 Agents are INSANE!,https://www.youtube.com/shorts/jml8AftQZFM,29K views,,1 month ago,
"Deep Ai, Market Crash, ki vajah #deepseek",https://www.youtube.com/shorts/4RzW5l1YUfE,6.3K views,,2 weeks ago,
Ø§Ø®ÙŠØ±Ø§ Ø§Ù„ÙˆØ­Ø´ Ø§Ù„ØµÙŠÙ†ÙŠ Ø§Ù„Ù…Ø¬Ø§Ù†ÙŠ Ø¨Ø§Ù„ÙƒØ§Ù…Ù„ Ù„Ù„Ø°ÙƒØ§Ø¡ Ø§Ù„Ø§ØµØ·Ù†Ø§Ø¹ÙŠ DeepSeek Ø¹Ù„Ù‰ Ø§Ù„Ø§Ø³ØªÙˆØ± | Ø§Ù†Ø³Ù‰ ChatGPT,https://www.youtube.com/watch?v=wxHqXKDBY10&pp=ygUIRGVlcHNlZWs%3D,103K views,,3 weeks ago,
DeepSeek Sparks Global Tech Selloff,https://www.youtube.com/shorts/qkCDiIzDwFw,27K views,,2 weeks ago,
What is DeepSeek? Low-cost AI model rattles markets,https://www.youtube.com/watch?v=qDlV6IIh9As&pp=ygUIRGVlcHNlZWs%3D,40K views,,2 weeks ago,5:44
DeepSeek Vs Chatgpt | Asal Sach !!,https://www.youtube.com/watch?v=lGFZLwv9iBk&pp=ygUIRGVlcHNlZWs%3D,167K views,,2 weeks ago,13:07
Why DeepSeek is so Scary,https://www.youtube.com/shorts/Opx2GxcAbFE,43K views,,2 weeks ago,
"#deepseek is a flashpoint, but part of a larger trend #ai",https://www.youtube.com/shorts/JINHQlG-d40,1.6K views,,5 days ago,
GAMPANG!! Cara Menggunakan Deepseek AI Sang Penakluk ChatGPT,https://www.youtube.com/watch?v=Xzx0tNvV050&pp=ygUIRGVlcHNlZWs%3D,62K views,,2 weeks ago,
Why Can't India Build its Own DeepSeek or ChatGPT? | Vantage with Palki Sharma | N18G,https://www.youtube.com/watch?v=ds-FfYY80LY&pp=ygUIRGVlcHNlZWs%3D,456K views,,2 weeks ago,
DeepSeek R1 Explained to a 10 Year Old,https://www.youtube.com/watch?v=Be1rbBcMoFA&pp=ygUIRGVlcHNlZWs%3D,41K views,,2 weeks ago,
State of Play in China:Deepseek's Emergence: What Will the Future of Humanity Look Like?,https://www.youtube.com/watch?v=vGaxpkE96Sk&pp=ygUIRGVlcHNlZWs%3D,694K views,,11 days ago,
Deepseek-R1 + RooCode: BEST AI Coding Agent! Develop a Full-stack App Without Writing ANY Code!,https://www.youtube.com/watch?v=2Frayo_8ovQ&pp=ygUIRGVlcHNlZWs%3D,94K views,,2 weeks ago,9:44
How to use DeepSeek Ai || DeepSeek Ai á€á€¯á€¶á€¸á€”á€Šá€ºá€¸,https://www.youtube.com/watch?v=h4H9RCxHE3Q&pp=ygUIRGVlcHNlZWs%3D,133K views,,2 weeks ago,
Ğ’Ğ¡Ğ• ĞĞ‘ Ğ­Ğ¢ĞĞœ Ğ“ĞĞ’ĞĞ Ğ¯Ğ¢! DeepSeek â€“ Ğ³Ğ»Ğ°Ğ²Ğ½Ñ‹Ğ¹ Ğ¿Ñ€Ğ¾Ñ€Ñ‹Ğ² Ğ² Ğ½ĞµĞ¹Ñ€Ğ¾ÑĞµÑ‚ÑÑ… 2025,https://www.youtube.com/watch?v=RUoH0Mxg0fE&pp=ygUIRGVlcHNlZWs%3D,122K views,,2 weeks ago,
ã€Deepseek æ‡¶äººåŒ…ã€‘15åˆ†é˜å»£æ±è©±è¬›è§£DeepSeekæ·±åº¦æ±‚ç´¢AI é¦™æ¸¯ç”¨æˆ¶ç„¡VPNéƒ½å¯ä»¥ç”¨å¾— ChatGPTçš„è¶…å‹å°æ‰‹ï¼,https://www.youtube.com/watch?v=zDHgHNf2Vkg&pp=ygUIRGVlcHNlZWs%3D,318K views,,2 weeks ago,
"How DeepSeek achieved its AI breakthrough, Benchmark partner Chetan Puttagunta explains",https://www.youtube.com/watch?v=FJvSFTMNTu4&pp=ygUIRGVlcHNlZWs%3D,356K views,,2 weeks ago,
DeepSeek-R1 VS ChatGPT o1: Who wins?,https://www.youtube.com/shorts/StjKFYNeT-A,154K views,,2 weeks ago,
DeepSeekà¤šà¤¾ à¤­à¤¾à¤°à¤¤à¤¾à¤µà¤° à¤ªà¤°à¤¿à¤£à¤¾à¤® à¤¹à¥‹à¤£à¤¾à¤° à¤•à¤¾? | What is DeepSeek And Will it Make a Difference in India,https://www.youtube.com/watch?v=1R3bUFm8gJE&pp=ygUIRGVlcHNlZWs%3D,191K views,,2 weeks ago,
CHATGPTâ€™YE VEDA! - Ã‡inli DeepSeek nedir? DeepSeek vs ChatGPT!,https://www.youtube.com/watch?v=37WB0RVdWqI&pp=ygUIRGVlcHNlZWs%3D,102K views,,2 weeks ago,
DeepSeek R1 Fully Tested - Insane Performance,https://www.youtube.com/watch?v=bOsvI3HYHgI&pp=ygUIRGVlcHNlZWs%3D,900K views,,3 weeks ago,
DeepSeekå¤§æ¨¡å‹æ©«ç©ºå‡ºä¸– ä¸­åœ‹æ‰­è½‰æˆ°å±€ AIé«˜è€—èƒ½é«˜ç”¨é›» æå‡å„åœ‹èƒ½æºéŸŒæ€§ç•¶å‹™ä¹‹æ€¥ ä¸­åœ‹2040å¹´å‰æ¬²å¯¦ç¾æ ¸èåˆç™¼é›» æ‡‰å°AIé«˜è€—èƒ½ #TVBSæ–‡èŒœçš„ä¸–ç•Œå‘¨å ±ã€#é‡é»å›é¡§ã€‘ 202502015,https://www.youtube.com/watch?v=WVIRtQ0-keQ&pp=ygUIRGVlcHNlZWs%3D,54K views,,2 days ago,22:09
Build ANYTHING With AI Agents For FREE! (DeepSeek-R1 Beats ChatGPT),https://www.youtube.com/watch?v=u3c8OQaeLWo&pp=ygUIRGVlcHNlZWs%3D,169K views,,2 weeks ago,21:43
"DeepSeek News | Chinese AI DeepSeek Is A â€˜Wake-Up Callâ€™ for US Tech, Says President Donald Trump",https://www.youtube.com/shorts/5FQ4BQJbIV4,9.5K views,,2 weeks ago,
So I Tried DeepSeek..,https://www.youtube.com/watch?v=8jCX6PN3bNc&pp=ygUIRGVlcHNlZWs%3D,1M views,,13 days ago,
DeepSeekä¸–çºªéª—å±€ç»™æˆ‘ä»¬çš„èµšé’±æœºä¼š,https://www.youtube.com/watch?v=wJ3YUpa4UGU&pp=ygUIRGVlcHNlZWs%3D,65K views,,2 weeks ago,
DEEPSEEK LA IA CHINA PONE EN CRISIS LA INDUSTRIA MUNDIAL,https://www.youtube.com/watch?v=r-w8dm4v41c&pp=ygUIRGVlcHNlZWs%3D,204K views,,9 days ago,20:12
Deepseek-R1 Deep Research: AI Agent CAN CONTROL Control Thousands of Browsers Simultaneously!,https://www.youtube.com/watch?v=tdU92hCgFU0&pp=ygUIRGVlcHNlZWs%3D,14K views,,4 days ago,
ØªØ±Ø§Ù…Ø¨ ÙŠØ£Ù…Ø± Ø¨ØªØ­Ø±Ùƒ Ø¹Ø§Ø¬Ù„ Ù„Ù…ÙˆØ§Ø¬Ù‡Ø© Ø§Ù„ØªØ·Ø¨ÙŠÙ‚ Ø§Ù„ØµÙŠÙ†ÙŠ DeepSeek | #Ø±Ø§Ø¯Ø§Ø±,https://www.youtube.com/watch?v=E8K1xbCZl4I&pp=ygUIRGVlcHNlZWs%3D,243K views,,2 weeks ago,16:22
Why Deepseek isnâ€™t a threat to OpenAI ğŸ¤”,https://www.youtube.com/shorts/9_oeXBdXtqE,27K views,,5 days ago,
DeepSeek: la herramienta china de inteligencia artificial y sus diferencias con ChatGPT o Gemini,https://www.youtube.com/watch?v=70ArCjJS_nA&pp=ygUIRGVlcHNlZWs%3D,129K views,,2 weeks ago,6:09
What is Deep Seek..? | New AI of China #deepseek #AI #openai,https://www.youtube.com/shorts/2uxnvRhgx-w,5.8K views,,2 weeks ago,
DeepSeek You build it first or you build it better Principal in HINDI,https://www.youtube.com/shorts/kiy9Xf3eXJc,51K views,,2 weeks ago,
"Macron Reacts to DeepSeek, Says ""No Plan to Ban Chinese AI"" | Firstpost-France TV Exclusive | N18G",https://www.youtube.com/shorts/_b-rykrYs70,41K views,,5 days ago,
Giáº£i mÃ£ DeepSeek - Quáº£ bom nguyÃªn tá»­ trong cuá»™c chiáº¿n A.I toÃ n cáº§u | VTV24,https://www.youtube.com/watch?v=TVU0JeCIkKo&pp=ygUIRGVlcHNlZWs%3D,69K views,,7 days ago,
DeepSeek R1: Is Your Job in Danger? (The Truth),https://www.youtube.com/watch?v=abiYRttaxpo&pp=ygUIRGVlcHNlZWs%3D,716K views,,2 weeks ago,16:39
OpenAI's nightmare: Deepseek R1 on a Raspberry Pi,https://www.youtube.com/watch?v=o1sN1lB76EA&pp=ygUIRGVlcHNlZWs%3D,2M views,,2 weeks ago,4:18
BÃ¶rsen-Beben durch neue China-KI: Warum DeepSeek so erfolgreich ist | KI-Experte bei ZDFheute live,https://www.youtube.com/watch?v=yv58Tx9WlO0&pp=ygUIRGVlcHNlZWs%3D,380K views,,2 weeks ago,8:07
à¦šà§€à¦¨à§‡à¦° à¦¡à¦¿à¦ªà¦¸à¦¿à¦• à¦¯à§‡à¦­à¦¾à¦¬à§‡ à¦†à¦®à§‡à¦°à¦¿à¦•à¦¾à¦° à¦¬à¦¾à¦œà¦¾à¦° à¦¶à§‡à¦· à¦•à¦°à§‡ à¦¦à¦¿à¦²à§‹ à¥¤ How DeepSeek challenged America | Enayet Chowdhury,https://www.youtube.com/watch?v=RagqY5HistA&pp=ygUIRGVlcHNlZWs%3D,105K views,,11 days ago,
DeepSeek R1 vs OpenAI o3-mini vs o1 pro vs Gemini Flash 2.0 Thinking | Lex Fridman Podcast,https://www.youtube.com/watch?v=pCbuocRPuQo&pp=ygUIRGVlcHNlZWs%3D,27K views,,10 days ago,
à´šàµˆà´¨à´¯àµà´Ÿàµ† à´¡àµ€à´ªàµ à´¸àµ€à´•àµà´•àµ à´µà´®àµà´ªàµ | Chinese AI startup DeepSeek shakes up Silicon Valley | Out Of Focus,https://www.youtube.com/watch?v=N67XyFc3yB0&pp=ygUIRGVlcHNlZWs%3D,210K views,,2 weeks ago,
DeepSeek R1 - $1000 Again and Again Every Month,https://www.youtube.com/watch?v=gmaeBho_-zk&pp=ygUIRGVlcHNlZWs%3D,252K views,,11 days ago,
How did DeepSeek convince Google CEO? Wen Xinyiyan is open to use for free.,https://www.youtube.com/watch?v=cFiH6hfoms0&pp=ygUIRGVlcHNlZWs%3D,17K views,,1 day ago,
"ì±—GPT ëŒ€í•­ë§ˆ, ë”¥ì‹œí¬ (DeepSeek) ì œëŒ€ë¡œ ì•Œê³  ì‚¬ìš©í•˜ëŠ” ë²•! ì¤‘êµ­ì˜ ë¯¸ì¹œ ë¬´ë£Œ ì¸ê³µì§€ëŠ¥ ì‚¬ìš© í›„ê¸°",https://www.youtube.com/watch?v=oxQ65WlwiuU&pp=ygUIRGVlcHNlZWs%3D,236K views,,2 weeks ago,15:47
China Golpea el Mercado de la Inteligencia Artificial con DeepSeek,https://www.youtube.com/watch?v=zXnC0WCoRIw&pp=ygUIRGVlcHNlZWs%3D,390K views,,2 weeks ago,18:31
DeepSeek R1 Cloned for $30?! PhD Student STUNNING Discovery,https://www.youtube.com/watch?v=e659KrxxN5w&pp=ygUIRGVlcHNlZWs%3D,385K views,,13 days ago,12:08
DeepSeek Scam Exposed | DeepSeek Explained | ChatGPT vs DeepSeek | India China USA,https://www.youtube.com/shorts/m7j7r_L59qI,28K views,,2 weeks ago,
Siyatha FM MORNING SHOW 2025 01 30 | à·„à¶½à· Deepseek.. à¶½à¶‚à¶šà·à·€à·š à¶¢à¶±à·à¶°à·’à¶´à¶­à·’ à¶šà·€à·” à¶¯?,https://www.youtube.com/watch?v=8HON7gX9ewg&pp=ygUIRGVlcHNlZWs%3D,81K views,,2 weeks ago,
How to Use DeepSeek,https://www.youtube.com/watch?v=deaIOkGYopg&pp=ygUIRGVlcHNlZWs%3D,80K views,,2 weeks ago,11:26
How the NEW DeepSeek AI Strategy Turned $100 into $23K!,https://www.youtube.com/watch?v=gvoOAy64hyk&pp=ygUIRGVlcHNlZWs%3D,26K views,,2 weeks ago,
DeepSeek or ChatGPT?,https://www.youtube.com/shorts/KmVt1wtHxT8,564K views,,2 weeks ago,
DeepSeek: What Actually Matters (for the everyday user),https://www.youtube.com/watch?v=wBi8IDngmiE&pp=ygUIRGVlcHNlZWs%3D,49K views,,13 days ago,
How to Build an AI App with DeepSeek Using No Code,https://www.youtube.com/watch?v=Voy28dhh0IU&pp=ygUIRGVlcHNlZWs%3D,71 views,,Streamed 12 hours ago,1:26:06
How to Use DeepSeek R1 for Free right now,https://www.youtube.com/watch?v=OuHFL71NHAM&pp=ygUIRGVlcHNlZWs%3D,126K views,,2 weeks ago,4:08
DEEPSEEK: A IA CHINESA QUE DERRETEU A BOLSA DE VALORES AMERICANA,https://www.youtube.com/watch?v=CDzMG1xNObA&pp=ygUIRGVlcHNlZWs%3D,84K views,,13 days ago,
"Chinaâ€™s DeepSeek Surprise | Trump calls China's DeepSeek AI a ""wake-up call"" | Samaa TV",https://www.youtube.com/shorts/r6yxJja0N0U,39K views,,2 weeks ago,
What is DeepSeek and how is it disrupting global tech?,https://www.youtube.com/watch?v=NlKvwAielgw&pp=ygUIRGVlcHNlZWs%3D,37K views,,2 weeks ago,2:50
Chi Tiáº¿t CÃ¡ch DÃ¹ng DeepSeek CÃ´ng Cá»¥ AI Má»›i Khiáº¿n Tháº¿ Giá»›i Chao Äáº£o Cá»§a CÃ¡c PhÃ¡p SÆ° Trung Hoa,https://www.youtube.com/watch?v=FS99--qjwCw&pp=ygUIRGVlcHNlZWs%3D,104K views,,2 weeks ago,
DeepSeek for Coding ğŸ¤¯,https://www.youtube.com/shorts/GPJ0Fcq9o8c,86K views,,2 weeks ago,
Anthropic CEO Reveals New Details About DeepSeek R1,https://www.youtube.com/watch?v=i-OAzG2mCUE&pp=ygUIRGVlcHNlZWs%3D,182K views,,2 weeks ago,24:22
Episodio de Emergencia: DeepSeek Puede Cambiarlo TODO - Jon HernÃ¡ndez #LFDE,https://www.youtube.com/watch?v=4P9_eMF-Cic&pp=ygUIRGVlcHNlZWs%3D,235K views,,2 weeks ago,1:21:52
The CORRECT way to use Deepseek R1 with n8n #aiagents #artificialintelligence #ai #nocode #n8n,https://www.youtube.com/shorts/FNxHCQxTC8A,2.3K views,,3 weeks ago,
æ–¹è„¸è¯´ï¼šDeepSeekå®ç°äº†å¼¯é“è¶…è½¦äº†å—ï¼ŸDeepSeekæ˜¯å‰½çªƒè¿˜æ˜¯åˆ›æ–°ï¼ŸDeepSeekåˆ°åº•ç°åœ¨æ˜¯ä»€ä¹ˆæ°´å¹³ï¼ŸçŸ¥è¯†è’¸é¦ä¸¨chatgpt,https://www.youtube.com/watch?v=lrk4KmI4kig&pp=ygUIRGVlcHNlZWs%3D,168K views,,2 weeks ago,15:05
Å OKUJÃCÃ: DeepSeek AI (ZDARMA) prÃ¡vÄ› PÅ˜EKONALA ChatGPT-4 a Claude Sonnet 3.5! ğŸ”¥,https://www.youtube.com/watch?v=bmknoW1LORY&pp=ygUIRGVlcHNlZWs%3D,14K views,,1 month ago,
æ‰å…‹ä¼¯æ ¼ç¨±DeepSeekå¾ˆå…ˆé€²ï¼Œä¸­ç¾AIå·®è·éå¸¸å°ã€‚ #ä¸­åœ‹ #ç¾åœ‹ #china #deepseek #ai #zuckerberg,https://www.youtube.com/shorts/hG4tGl0s7XU,408K views,,3 weeks ago,
ChatGPT vs DeepSeek: CRAZY Chess,https://www.youtube.com/watch?v=JHq4EKMg7fI&pp=ygUIRGVlcHNlZWs%3D,1.5M views,,2 weeks ago,
DeepSeek vs ChatGPT (o1): Is China's Free LLM Better?,https://www.youtube.com/watch?v=eRP606ZresU&pp=ygUIRGVlcHNlZWs%3D,66K views,,2 weeks ago,
Chinas DeepSeek R1 SHOCKS The AI Industry (BEATS OpenAI) DeepSeek R1,https://www.youtube.com/watch?v=AK0o4LaEvV8&pp=ygUIRGVlcHNlZWs%3D,153K views,,3 weeks ago,11:11
Stop using ChatGPT and DeepSeek Indian Government tells Finance Ministry Officials #chatgpt #ai,https://www.youtube.com/shorts/8MoRPcwxeII,668K views,,9 days ago,
"DEEPSEEK R1 en tu ordenador (Privado, FÃ¡cil y Gratis) ğŸ¤¯ Â¡Tutorial + Demo!",https://www.youtube.com/watch?v=EJeac_1UKi0&pp=ygUIRGVlcHNlZWs%3D,108K views,,2 weeks ago,11:46
"DeepSeek, China, OpenAI, NVIDIA, xAI, TSMC, Stargate, and AI Megaclusters | Lex Fridman Podcast #459",https://www.youtube.com/watch?v=_1f-o0nqpEI&pp=ygUIRGVlcHNlZWs%3D,1.5M views,,13 days ago,5:06:19
Chinese AI DeepSeek Censorship Exposed!,https://www.youtube.com/shorts/rfAweYTFHA8,517K views,,2 weeks ago,
"DeepSeek Panic, US vs China, OpenAI $40B?, and Doge Delivers with Travis Kalanick and David Sacks",https://www.youtube.com/watch?v=8RkgkOqWs0s&pp=ygUIRGVlcHNlZWs%3D,572K views,,2 weeks ago,1:49:19
How To Earn $50/Day From Deepseek AI | Create Tool Website Using Deepseek AI,https://www.youtube.com/watch?v=3nRl1QJ2EUQ&pp=ygUIRGVlcHNlZWs%3D,22K views,,6 days ago,
"Prince Alwaleed: Trumpâ€™s Tariffâ€™s, DeepSeek, & Going From Fox Newsâ€™ Biggest Investor to Backing X",https://www.youtube.com/watch?v=r_eFGCBPuuM&pp=ygUIRGVlcHNlZWs%3D,541K views,,10 days ago,
à¶ à·“à¶±à¶ºà·š DeepSeek à¶…à¶¸à·™à¶»à·’à¶šà·à·€ à¶šà¶½à¶¹à¶ºà·’...,https://www.youtube.com/watch?v=2w7k2bVtJ_o&pp=ygUIRGVlcHNlZWs%3D,173K views,,2 weeks ago,1:55
DeepSeekâ€™s AI should be a â€˜wakeup callâ€™: Trump,https://www.youtube.com/shorts/Emo1VXVamyc,5.8K views,,2 weeks ago,
End To End RAG Agent With DeepSeek-R1 And Ollama,https://www.youtube.com/watch?v=qNUbPw62-rk&pp=ygUIRGVlcHNlZWs%3D,26K views,,11 days ago,
Deepseek | Deepseek AI | à¤®à¤¾à¤¨à¤µà¤¤à¤¾ à¤•à¥‡ à¤²à¤¿à¤ à¤à¤• à¤¨à¤ˆ à¤šà¥à¤¨à¥Œà¤¤à¥€ | Gopal Verma Sir #shorts,https://www.youtube.com/shorts/83UYjOklbys,51K views,,2 weeks ago,
Is DeepSeek reading what you type before you hit send? #carterpcs #tech #techtok #techfacts,https://www.youtube.com/shorts/j6T19HkK3Vc,979K views,,8 days ago,
DeepSeek-R1 se Mobile App Kaise Banaye #deepseek #ai #earnmoneyonline #makemoneyonline #money,https://www.youtube.com/shorts/DMOqwFYBuBg,24K views,,4 days ago,
20 years in jail for using DeepSeek! USA goes NUTS over Chinese AI,https://www.youtube.com/watch?v=6VPYW7Th42Q&pp=ygUIRGVlcHNlZWs%3D,80K views,,11 days ago,15:03
"DeepSeek lÃ  gÃ¬? ChuyÃªn gia AI giáº£i thÃ­ch cá»¥ thá»ƒ, chi tiáº¿t, dá»… hiá»ƒu vá» DeepSeek",https://www.youtube.com/watch?v=6-SwTNPq_Ms&pp=ygUIRGVlcHNlZWs%3D,316K views,,12 days ago,
Is DeepSeek stealing from OpenAI | Lex Fridman Podcast,https://www.youtube.com/watch?v=kQ37M142IgY&pp=ygUIRGVlcHNlZWs%3D,91K views,,12 days ago,10:51
DeepSeeké—œéµå·¥ç¨‹å¸«æ½˜æ¢“æ­£æ›¾åœ¨è‹±å‰é”å¯¦ç¿’ï¼Œç¾åœ‹å­¸è€…éˆé­‚ç™¼å• ï¼šç‚ºä»€éº¼ä»–é¸æ“‡ä¸­åœ‹è€Œä¸æ˜¯ç¾åœ‹ï¼Ÿ#DeepSeek #æ½˜æ¢“æ­£ #ç¾åœ‹ #china,https://www.youtube.com/shorts/gFzmW5DEWto,54K views,,6 days ago,
Why DeepSeek is such a big deal? | DeepSeek's impact on the future of AI,https://www.youtube.com/watch?v=FTdNCmpxc-U&pp=ygUIRGVlcHNlZWs%3D,178K views,,2 weeks ago,10:13
$500/Month with DeepSeek R1 - Tools Website,https://www.youtube.com/watch?v=Mp1Xc7UQlZ4&pp=ygUIRGVlcHNlZWs%3D,69K views,,7 days ago,
Deepseek: How To Make $100/day (with PROOF!)ğŸ¤¯,https://www.youtube.com/watch?v=zzXBdc1gwZo&pp=ygUIRGVlcHNlZWs%3D,26K views,,3 days ago,13:30
How @NVIDIA benefits from DeepSeek #shorts,https://www.youtube.com/shorts/QrlGiSXKG-k,7.9K views,,3 days ago,
DeepSeek R1: How To Make $499/Monthly Using Deepseek AI & Threads (Make Money Online 2025),https://www.youtube.com/watch?v=51A4_y0jEPU&pp=ygUIRGVlcHNlZWs%3D,16K views,,4 days ago,
Did DeepSeek steal from OpenAI? (lol),https://www.youtube.com/shorts/BhFcNCJj88Q,971K views,,2 weeks ago,
DeepSeek's chess skills beat ChatGPT! OpenAI refuses to admit defeat,https://www.youtube.com/watch?v=4v09_1JLrwU&pp=ygUIRGVlcHNlZWs%3D,24K views,,6 days ago,10:24
I tested DeepSeek vs. OpenAI-o1 for data science tasks: Hereâ€™s what I found.,https://www.youtube.com/watch?v=fO80iIHkr9M&pp=ygUIRGVlcHNlZWs%3D,165K views,,2 weeks ago,
How to Earn $275/Hour with DeepSeek For FREE (Make Money Online 2025),https://www.youtube.com/shorts/8gP302GQl-s,40K views,,10 days ago,
ã€æ‘†è„±å¡é¡¿ã€‘DeepSeekå…¨ç½‘æœ€å…¨çš„å®æˆ˜æŠ€å·§ï¼å»ºè®®æ”¶è—ï½,https://www.youtube.com/watch?v=691tYd60bYk&pp=ygUIRGVlcHNlZWs%3D,115K views,,10 days ago,18:32
Chinaâ€™s AI Masterstroke: How DeepSeek is Disrupting the Industry | Vantage with Palki Sharma | N18G,https://www.youtube.com/watch?v=nw3oeTxfMqg&pp=ygUIRGVlcHNlZWs%3D,192K views,,13 days ago,
DeepSeek vs OpenAi#shorts,https://www.youtube.com/shorts/9AnsLAKCt_g,47K views,,7 days ago,
Deepseek r1 how to use | Deepseek Vs ChatGPT | Telugu | Vamsi Bhavani,https://www.youtube.com/watch?v=ZgB_Q2W9bD0&pp=ygUIRGVlcHNlZWs%3D,101K views,,2 weeks ago,10:18
Never Install DeepSeek r1 Locally before Watching This!,https://www.youtube.com/shorts/0A1e7XsK9IA,40K views,,2 weeks ago,
Nvidia DeepSeek R1 ChatGPT #money #ai #deepseek #nvidia #chatgpt #rich #richmindset,https://www.youtube.com/shorts/S-So-B0bEls,46K views,,2 weeks ago,
DeepSeekâ€™s networking assembly code issues on SLOW switches #deepseek #openai #nvidia #technews #ai,https://www.youtube.com/shorts/Oo7AuhzDI7I,25K views,,9 days ago,
ä¸­å›½è£½AIã€ŒDeepSeekã€ã«ã¤ã„ã¦æ­£ç›´è¨€ã„ã¾ã™ã€ã²ã‚ã‚†ãåˆ‡ã‚ŠæŠœãã€‘,https://www.youtube.com/watch?v=tWVN_ElTmoA&pp=ygUIRGVlcHNlZWs%3D,38K views,,2 days ago,11:54
DeepSeekï¼šç¾å›½ç§‘æŠ€å·¨å¤´ä¸ºä½•å†’é™©æ¥å…¥ï¼Ÿé«˜çº§ç©æ³•ã€æœ¬åœ°éƒ¨ç½²å…¨è§£æï¼| é›¶åº¦è§£è¯´,https://www.youtube.com/watch?v=0e7pb_AwgK4&pp=ygUIRGVlcHNlZWs%3D,274K views,,2 weeks ago,
What is DeepSeek? #DeepSeek #AI #BBCNews,https://www.youtube.com/shorts/1bLNUFXNZHw,45K views,,2 weeks ago,
DeepSeek: Why has Chinaâ€™s AI start-up shocked the tech world?,https://www.youtube.com/watch?v=gEMDXhQmTIk&pp=ygUIRGVlcHNlZWs%3D,3.9K views,,2 days ago,
"If You Ask DeepSeek 4 Questions, You'll NEVER Worry About Money Again | Digital Product Course",https://www.youtube.com/watch?v=OS2kPHwHLVo&pp=ygUIRGVlcHNlZWs%3D,76K views,,5 days ago,15:20
WHAT IS DEEPSEEK,https://www.youtube.com/watch?v=pKyRu06qVio&pp=ygUIRGVlcHNlZWs%3D,33K views,,2 weeks ago,3:48
à¹€à¸›à¸´à¸”à¸›à¸£à¸°à¸§à¸±à¸•à¸´ à¹€à¸«à¸¥à¸µà¸¢à¸‡à¹€à¸«à¸§à¸´à¸™à¹€à¸Ÿà¸´à¸‡ à¸œà¸¹à¹‰à¸ªà¸£à¹‰à¸²à¸‡ â€˜DeepSeekâ€™ à¹€à¸‚à¸¢à¹ˆà¸²à¸šà¸±à¸¥à¸¥à¸±à¸‡à¸à¹Œ AI à¸ªà¸«à¸£à¸±à¸à¸¯ | Morning Wealth Highlight,https://www.youtube.com/watch?v=OZd2wtH4V-k&pp=ygUIRGVlcHNlZWs%3D,402K views,,2 weeks ago,22:48
DeepSeek Reacts to Getting Banned,https://www.youtube.com/watch?v=RekWQVJhlYY&pp=ygUIRGVlcHNlZWs%3D,221K views,,12 days ago,3:24
ç¾åœ‹ä¸»æŒäººèŠ±å¼ç¨±è®šDeepseek:ä¸­åœ‹é€£å–åå­—éƒ½å®Œçˆ†ç¾åœ‹#deepseek #us #china #ai #ä¸­åœ‹,https://www.youtube.com/shorts/oXioHYd-AAY,419K views,,2 weeks ago,
Insane Theoretical Physics Discussion with ChatGPT and DeepSeek,https://www.youtube.com/watch?v=Q6bMK04yD4I&pp=ygUIRGVlcHNlZWs%3D,56K views,,6 days ago,
Chinese AI chatbot DeepSeek sparks turmoil in US tech markets | BBC News,https://www.youtube.com/watch?v=Ln9uJndFkuk&pp=ygUIRGVlcHNlZWs%3D,282K views,,2 weeks ago,2:45
China's Deepseek AI Explained,https://www.youtube.com/watch?v=Mv4ZCiphwRU&pp=ygUIRGVlcHNlZWs%3D,66K views,,12 days ago,12:32
So lÃ¤uft DeepSeek lokal mit voller QualitÃ¤t,https://www.youtube.com/watch?v=A8N3zKUJ0yE&pp=ygUIRGVlcHNlZWs%3D,85K views,,2 days ago,23:59
I built a DeepSeek R1 powered VS Code extensionâ€¦,https://www.youtube.com/watch?v=clJCDHml2cA&pp=ygUIRGVlcHNlZWs%3D,602K views,,2 weeks ago,
ChatGPT VS DeepSeek - Which Ai Tool is BETTER? ğŸ‘€ #SHORTS,https://www.youtube.com/shorts/A_GTpMvD47k,7.6K views,,2 weeks ago,
Is Deepseek Sending Data to China? | #deepseek #futureofselling,https://www.youtube.com/shorts/F3ZhzQ4zpjA,1.8K views,,10 days ago,
"Automate Anything with DeepSeek-R1, hereâ€™s how",https://www.youtube.com/shorts/yqjxK2jRIPI,87K views,,2 weeks ago,
How OPENAI & Nvidia can beat DeepSeek #nvidia #aistocks #technews #deepseek #technology,https://www.youtube.com/shorts/GpKXscb9y4s,104K views,,2 weeks ago,
The Government Is Scared Of DeepSeek...,https://www.youtube.com/watch?v=RXD7xnlzLuY&pp=ygUIRGVlcHNlZWs%3D,262K views,,2 weeks ago,
DeepSeek Is Insanely Good... (Then I Competed it With ChatGPT),https://www.youtube.com/watch?v=G4_KduTgEws&pp=ygUIRGVlcHNlZWs%3D,145 views,,1 day ago,
Deepseek R1 671b Running and Testing on a $2000 Local AI Server,https://www.youtube.com/watch?v=Tq_cmN4j2yY&pp=ygUIRGVlcHNlZWs%3D,262K views,,2 weeks ago,52:44
Che cosâ€™Ã¨ DeepSeek: il chatbot AI che sfida ChatGpt e lâ€™economia mondiale,https://www.youtube.com/watch?v=N0NLbfl2piU&pp=ygUIRGVlcHNlZWs%3D,309K views,,11 days ago,
"KIMI AI desarrolla aplicaciones SIN INTERVENCIÃ“N humana âŒ AdiÃ³s a Deepseek, ChatGPT y... Â¿al cÃ³digo?",https://www.youtube.com/watch?v=t18F1ufxyrg&pp=ygUIRGVlcHNlZWs%3D,24K views,,4 days ago,
DeepSeek R1: The AI Thatâ€™s 10x Cheaper and Smarter Than ChatGPT #chatgpt #deepseek #shorts,https://www.youtube.com/shorts/-essh1J7cno,479 views,,2 weeks ago,
The Engineering Unlocks Behind DeepSeek | YC Decoded,https://www.youtube.com/watch?v=4Tmn-XP93m4&pp=ygUIRGVlcHNlZWs%3D,159K views,,11 days ago,13:06
DeepSeek Ø§Ù„Ù‚ØµØ© Ø§Ù„ÙƒØ§Ù…Ù„Ø© Ù„Ù†Ù…ÙˆØ°Ø¬ Ø§Ù„Ø°ÙƒØ§Ø¡ Ø§Ù„Ø§ØµØ·Ù†Ø§Ø¹ÙŠ Ø§Ù„ØµÙŠÙ†ÙŠ,https://www.youtube.com/watch?v=gpm98NHc3mA&pp=ygUIRGVlcHNlZWs%3D,38K views,,1 day ago,
"China greift bei KI richtig an: DeepSeek R1 ist Open Source, kostenlos und so gut wie OpenAI o1",https://www.youtube.com/watch?v=4loWWCiQLbE&pp=ygUIRGVlcHNlZWs%3D,56K views,,3 weeks ago,
DeepSeek Just CRUSHED Big Tech AGAIN With JANUS PRO - New SHOCKING AI Model!,https://www.youtube.com/watch?v=pN17MOfhZJk&pp=ygUIRGVlcHNlZWs%3D,919K views,,2 weeks ago,13:56
ChatGPT vs DeepSeek,https://www.youtube.com/shorts/2q4cUbY92es,924K views,,7 days ago,
DeepSeek à¹‚à¸¡à¹€à¸”à¸¥ AI à¸¡à¹‰à¸²à¸¡à¸·à¸”à¸ˆà¸²à¸à¸ˆà¸µà¸™ à¸„à¸¹à¹ˆà¹à¸‚à¹ˆà¸‡ ChatGPT à¹‚à¸”à¸¢à¸•à¸£à¸‡,https://www.youtube.com/watch?v=YDL_9vDkJw8&pp=ygUIRGVlcHNlZWs%3D,190K views,,2 weeks ago,
the ONLY way to run Deepseek...,https://www.youtube.com/watch?v=7TR-FLWNVHY&pp=ygUIRGVlcHNlZWs%3D,853K views,,2 weeks ago,11:59
DeepSeek AI Shakes Up Nvidiaâ€™s Growth Story - Andreas Steno,https://www.youtube.com/shorts/_cIlkZIU6dw,13K views,,2 weeks ago,
Free LLM that beats DeepSeekâ€¦ can also generate videos!?,https://www.youtube.com/watch?v=V4x3L6Va7vs&pp=ygUIRGVlcHNlZWs%3D,40K views,,5 days ago,9:00
DeepSeek AIâ€™s Shocking Impact on Global Markets & AIğŸ”¥,https://www.youtube.com/watch?v=-c-cO1JNpqU&pp=ygUIRGVlcHNlZWs%3D,38K views,,2 weeks ago,5:29
DeepSeek: Como ganar $143.07 dÃ³lares por dÃ­a con DeepSeek (NUEVO 2025),https://www.youtube.com/watch?v=VuNK9HBNAlo&pp=ygUIRGVlcHNlZWs%3D,285K views,,2 weeks ago,
Was ihr noch nicht Ã¼ber DeepSeek wusstet,https://www.youtube.com/watch?v=b2ZWgqR6MZc&pp=ygUIRGVlcHNlZWs%3D,340K views,,2 weeks ago,
Ø­ØµØ±ÙŠØ§ ÙƒØ³Ø± ğŸ¤– DeepSeek-R1 Ø¨Ø´ÙƒÙ„ Ù…Ø¬Ø§Ù†ÙŠ ( Ø§Ù„Ø£ØºØ±Ø§Ø¶ Ø§Ù„ØªØ¹Ù„ÙŠÙ…ÙŠØ© ÙÙ‚Ø· ),https://www.youtube.com/watch?v=kMn2OVrc_zg&pp=ygUIRGVlcHNlZWs%3D,62K views,,9 days ago,
Major G7 Country BANS Chinaâ€™s DeepSeek: Fatal Mistake For Western Economies,https://www.youtube.com/watch?v=wHAS3sJoy0w&pp=ygUIRGVlcHNlZWs%3D,158K views,,2 weeks ago,12:30
Can DeepSeek R1 Actually Write Good Code?,https://www.youtube.com/watch?v=Va2XHyBQLoM&pp=ygUIRGVlcHNlZWs%3D,170K views,,2 weeks ago,37:28
How To Earn Money Online With a Laptop Using DEEPSEEK AI ($130/Day),https://www.youtube.com/watch?v=qKfdHbTvEys&pp=ygUIRGVlcHNlZWs%3D,7.2K views,,1 day ago,16:36
DeepSeek DESTROYS the AI Industry... r1 model is UNSTOPPABLE...,https://www.youtube.com/watch?v=nfNGNouAsHk&pp=ygUIRGVlcHNlZWs%3D,209K views,,2 weeks ago,27:14
OpenAI Reacts To DeepSeek R1,https://www.youtube.com/watch?v=NyTaLAF_eXM&pp=ygUIRGVlcHNlZWs%3D,262K views,,2 weeks ago,3:23
How To Use Deepseek Ai Trading In Crypto or Stock Market | Deepseek Trading Bot | Algo Trading,https://www.youtube.com/watch?v=EYOaUpDmjQU&pp=ygUIRGVlcHNlZWs%3D,233K views,,9 days ago,16:43
à¤¬à¤¿à¤¨à¤¾ Investment Earning for College Students with Deepseek R1 | Side Hustle for college students,https://www.youtube.com/watch?v=ZTUHYGAnY2I&pp=ygUIRGVlcHNlZWs%3D,16K views,,5 days ago,11:32
Deepseek in local machine | Ollama | javascript AI App,https://www.youtube.com/shorts/xd2nhBAbxXk,4K views,,2 weeks ago,
DeepSeek: à¤šà¥€à¤¨ à¤•à¤¾ AI à¤œà¤¿à¤¸à¤¨à¥‡ Silicon Valley à¤•à¥‹ à¤¹à¤¿à¤²à¤¾ à¤¦à¤¿à¤¯à¤¾! ğŸ˜± #deepseek #chinanews #donaldtrump,https://www.youtube.com/shorts/ulDCCSOBiQg,189K views,,2 weeks ago,
DeepSeek R1 Se Paise Kaise Kamaye #money #earnmoney #makemoney #deepseek #ai #rich,https://www.youtube.com/shorts/iUlkIUPh9lo,89K views,,8 days ago,
"DeepSeek R1 - The Chinese AI ""Side Project"" That Shocked the Entire Industry!",https://www.youtube.com/watch?v=X5adgxV0gBE&pp=ygUIRGVlcHNlZWs%3D,778K views,,2 weeks ago,16:45
How A Chinese Villager Shook Silicon Valley [DeepSeek Founder],https://www.youtube.com/watch?v=hd1-CKDyHXE&pp=ygUIRGVlcHNlZWs%3D,405K views,,5 days ago,14:33
IS DEEPSEEK AS BAD AS CHATGPT????,https://www.youtube.com/watch?v=_NEyGAQ1ySI&pp=ygUIRGVlcHNlZWs%3D,36K views,,2 days ago,16:19
India Will Challenge China's DEEPSEEK App!! Better AI than ChatGPT and DeepSeek,https://www.youtube.com/watch?v=Igk0dxYHqTk&pp=ygUIRGVlcHNlZWs%3D,898K views,,2 weeks ago,
Descubra o Poder do DeepSeek para Dominar qualquer PDF do EstratÃ©gia Concursos (Melhor que GPT),https://www.youtube.com/watch?v=VLTaV_cOXIE&pp=ygUIRGVlcHNlZWs%3D,179K views,,2 weeks ago,
Can AI beat developer ? | deepseek chatgpt #deepseek #chatgpt,https://www.youtube.com/shorts/WaXUGRbN0sY,12K views,,11 days ago,
"Utilisez DeepSeek, la nouvelle IA, en 13 minutes chrono !",https://www.youtube.com/watch?v=K0PMkIS_0C4&pp=ygUIRGVlcHNlZWs%3D,41K views,,12 days ago,
DeepSeek 19å¤§ä½¿ç”¨æŠ€å·§ï¼Œä»å…¥é—¨åˆ°ç²¾é€š,https://www.youtube.com/watch?v=k2vHqdM8UUA&pp=ygUIRGVlcHNlZWs%3D,145K views,,2 weeks ago,24:07
"DeepSeek, a new threat to ChatGPT! ğŸ¤¯ğŸ«£ || #shorts #youtubeshorts",https://www.youtube.com/shorts/wf38X6l-vP8,375K views,,2 weeks ago,
Deepseek Computer Use AI Agents are INSANE (FREE!) ğŸ¤¯,https://www.youtube.com/watch?v=HjL4Kr4cDR0&pp=ygUIRGVlcHNlZWs%3D,44K views,,4 days ago,
DeepSeek Ã©branle la Silicon Valley : l'avis d'un expert en intelligence artificielle | Zone Ã©conomie,https://www.youtube.com/watch?v=ppIFp4mXMT4&pp=ygUIRGVlcHNlZWs%3D,180K views,,2 weeks ago,
The Man Behind DeepSeek (Liang Wenfeng),https://www.youtube.com/watch?v=FMU0j_ly4kk&pp=ygUIRGVlcHNlZWs%3D,424K views,,2 weeks ago,18:03
How A Chinese Villager Shook Silicon Valley [DeepSeek Founder],https://www.youtube.com/watch?v=hd1-CKDyHXE&pp=ygUIRGVlcHNlZWs%3D,406K views,,5 days ago,14:33
DeepSeek Is The Greatest Lie Ever Told,https://www.youtube.com/watch?v=RSr_vwZGF2k&pp=ygUIRGVlcHNlZWs%3D,151K views,,2 weeks ago,13:31
Deepseek Destroys American AI | How China Is Winning The Tech War | Where Is India? | Akash Banerjee,https://www.youtube.com/watch?v=naJO1zxB6_Q&pp=ygUIRGVlcHNlZWs%3D,2.2M views,,2 weeks ago,23:59
"DeepSeek shows how quickly innovation is happening, Wise co-founder Taavet Hinrikus says",https://www.youtube.com/watch?v=3sUX1TyKp44&pp=ygUIRGVlcHNlZWs%3D,2.2K views,,4 days ago,7:44
Scrape Any Website for FREE & NO CODE Using DeepSeek & Crawl4AI! (Opensource),https://www.youtube.com/watch?v=uSTTAJh9xAQ&pp=ygUIRGVlcHNlZWs%3D,8.5K views,,3 days ago,
Luciano Floridi spiega l'IA: da ChatGPT a DeepSeek - Splendida Cornice 30/01/2025,https://www.youtube.com/watch?v=oSL94DD9sgI&pp=ygUIRGVlcHNlZWs%3D,170K views,,2 weeks ago,18:27
"Run Deepseek R1 at Home on Hardware from $250 to $25,000: From Installation to Questions",https://www.youtube.com/watch?v=e-EG3B5Uj78&pp=ygUIRGVlcHNlZWs%3D,367K views,,12 days ago,12:42
AsÃ­ puedes correr un modelo avanzado de Deepseek,https://www.youtube.com/watch?v=XtoMdnXGaAI&pp=ygUIRGVlcHNlZWs%3D,62K views,,4 days ago,
How to Use Deepseek AI (Complete Guide),https://www.youtube.com/watch?v=zyBMnPJRAP8&pp=ygUIRGVlcHNlZWs%3D,778 views,,3 weeks ago,
China's DeepSeek Showcases Tech Advances Despite US Curbs,https://www.youtube.com/watch?v=ISXdF42QHTQ&pp=ygUIRGVlcHNlZWs%3D,292K views,,2 weeks ago,5:06
ğŸ³ DeepSeek Vs Chat GPT à®šà¯‹à®¤à®©à¯ˆà®•à®³à¯â€¼ï¸,https://www.youtube.com/shorts/T2IhLxx8flQ,350K views,,2 weeks ago,
ğŸ™ï¸Build An AI Voice Agent With DeepSeek R1 (Python),https://www.youtube.com/watch?v=SZYpRkoazb0&pp=ygUIRGVlcHNlZWs%3D,7.1K views,,4 days ago,13:17
DeepSeek Chinese AI Taking Who's Jobs? ğŸ¤£,https://www.youtube.com/shorts/hzp5JgI-8to,2K views,,2 weeks ago,
DeepSeek CEO interview in English.,https://www.youtube.com/watch?v=HRsVZuEMlvI&pp=ygUIRGVlcHNlZWs%3D,69K views,,12 days ago,
"DeepSeek, Modi and Muskâ€™s X: President Macron's Conversation with Palki Sharma | Vantage | N18G",https://www.youtube.com/watch?v=wKTkiVHv0LE&pp=ygUIRGVlcHNlZWs%3D,58K views,,6 days ago,
DEEPSEEK: LA IA CHINA QUE SE CREÃA IMPOSIBLE | Jabiertzo,https://www.youtube.com/watch?v=BFTAWKtbAXY&pp=ygUIRGVlcHNlZWs%3D,214K views,,2 weeks ago,12:39
DeepSeek Tried Chess... HUGE Mistake.,https://www.youtube.com/watch?v=6DYMpXkHAUk&pp=ygUIRGVlcHNlZWs%3D,762K views,,2 weeks ago,20:30
Why DeepSeek Is a 'Victory Lap',https://www.youtube.com/watch?v=hekPgdxsxbM&pp=ygUIRGVlcHNlZWs%3D,14K views,,5 days ago,
Earn $35 Every 10 Minutes with DeepSeek (Make Money Online),https://www.youtube.com/watch?v=ENqhZj_pA-s&pp=ygUIRGVlcHNlZWs%3D,8.4K views,,7 days ago,8:57
NEW DeepSeek-V3 is FREE and it's WILD ğŸ¤¯,https://www.youtube.com/shorts/ktoogr69k1k,123K views,,1 month ago,
Deepseek Ai à¦•à¦¿à¦­à¦¾à¦¬à§‡ à¦¬à§à¦¯à¦¬à¦¹à¦¾à¦° à¦•à¦°à¦¬à§‡à¦¨? || Deepseek Ai Bangla Tutorial || How to Use Deepseek,https://www.youtube.com/watch?v=ck4GrBJKo_4&pp=ygUIRGVlcHNlZWs%3D,37K views,,2 weeks ago,
CHINAà®µà®¿à®©à¯ à®‡à®¨à¯à®¤ à®ªà¯à®¤à®¿à®¯ AI-à®¯à®¾à®²à¯ AMERICAà®µà®¿à®±à¯à®•à¯ 86à®²à®Ÿà¯à®šà®®à¯à®•à¯‹à®Ÿà®¿ à®¨à®·à¯à®Ÿà®®à¯ | Deepseek | End of ChatGPT | MM,https://www.youtube.com/watch?v=AMds9Xl8hJY&pp=ygUIRGVlcHNlZWs%3D,162K views,,2 weeks ago,
"Asking DeepSeek AI ""Is Islam the True Religion?""",https://www.youtube.com/watch?v=wyRAJkTZxZc&pp=ygUIRGVlcHNlZWs%3D,59K views,,2 weeks ago,10:35
Deepseek R1 AI vs Chat GPT in Hindi: Deepseek AI Kya Hai Explained | Deepseek AI Stock Market |,https://www.youtube.com/watch?v=2BqNDYydG_c&pp=ygUIRGVlcHNlZWs%3D,530K views,,2 weeks ago,
DeepSeek: A Game-Changer in the AI Race,https://www.youtube.com/watch?v=5zdhlBXDVS4&pp=ygUIRGVlcHNlZWs%3D,70K views,,2 weeks ago,
DEEPSEEK E O CYBERPUNK DO MUNDO REAL,https://www.youtube.com/watch?v=3FQ5xW_JRmw&pp=ygUIRGVlcHNlZWs%3D,157K views,,2 weeks ago,
DeepSeek à¦¬à§à¦¯à¦¬à¦¹à¦¾à¦° à¦•à¦°à¦¾à¦° à¦¸à¦®à§à¦ªà§‚à¦°à§à¦£ à¦—à¦¾à¦‡à¦¡ | How to Use DeepSeek AI on Mobile Tutorial for Beginners,https://www.youtube.com/watch?v=oZ-n50FdSBo&pp=ygUIRGVlcHNlZWs%3D,25K views,,12 days ago,
"DeepSeek AI à¤•à¥à¤¯à¤¾ à¤¹à¥ˆ, à¤œà¥‹ America à¤•à¥€ à¤•à¤‚à¤ªà¤¨à¤¿à¤¯à¥‹à¤‚ à¤•à¥‡ à¤²à¤¿à¤ à¤¬à¤¨à¥€ à¤–à¤¼à¤¤à¤°à¤¾, Trump à¤¨à¥‡ à¤¬à¤¤à¤¾à¤¯à¤¾ à¤šà¥‡à¤¤à¤¾à¤µà¤¨à¥€ | Explained",https://www.youtube.com/watch?v=pwmtwqpjw3w&pp=ygUIRGVlcHNlZWs%3D,542K views,,2 weeks ago,
DEEPSEEK: La IA que AMENAZA la hegemonÃ­a tecnolÃ³gica de EEUU - VisualEconomik,https://www.youtube.com/watch?v=jiOMnSSdrrg&pp=ygUIRGVlcHNlZWs%3D,462K views,,2 weeks ago,16:04
Industri AI AS Panik! Muncul Kompetitor China Yang Jauh Lebih Murah! DeepSeek! | LearningByGoogling,https://www.youtube.com/watch?v=YmCrxVhxods&pp=ygUIRGVlcHNlZWs%3D,401K views,,9 days ago,17:56
We Built a FULL Game Using DeepSeek â€“ Is This the ChatGPT Killer?,https://www.youtube.com/watch?v=9W9I2FjGP4w&pp=ygUIRGVlcHNlZWs%3D,6.3K views,,7 days ago,7:45
Can DeepSeek beat Nvidia?,https://www.youtube.com/shorts/3-w08gASrh0,721K views,,2 weeks ago,
Empiezan a prohibir DeepSeek en USA,https://www.youtube.com/watch?v=uBBiJ4rLvVw&pp=ygUIRGVlcHNlZWs%3D,65K views,,9 days ago,
"DeepSeek, Senjata Pemusnah Negara",https://www.youtube.com/watch?v=gMLnn09xik4&pp=ygUIRGVlcHNlZWs%3D,710K views,,10 days ago,
A shocking Chinese AI advancement called DeepSeek is sending US stocks plunging,https://www.youtube.com/watch?v=l8N-J_VB_G4&pp=ygUIRGVlcHNlZWs%3D,1.2M views,,2 weeks ago,8:49
DeepSeek-R1 Crash Course,https://www.youtube.com/watch?v=_CXwZ5xyFno&pp=ygUIRGVlcHNlZWs%3D,391K views,,2 weeks ago,1:30:56
Â¿HA ESTALLADO LA BURBUJA DE LA IA? - DeepSeek y la caÃ­da de NVIDIA,https://www.youtube.com/watch?v=X2o779o5PoE&pp=ygUIRGVlcHNlZWs%3D,444K views,,2 weeks ago,
DeepSeek R1 Explained to your grandma,https://www.youtube.com/watch?v=kv8frWeKoeo&pp=ygUIRGVlcHNlZWs%3D,1.2M views,,3 weeks ago,8:33
Why did OpenAI o1 hide its chain of thought? #deepseek #openai #ainews #technews #technology,https://www.youtube.com/shorts/F96rMRmyRkA,4.9K views,,2 days ago,
3 unique things about deepseek #deepseek #chatgpt #ai,https://www.youtube.com/shorts/ue7zjdYjzTA,524 views,,7 days ago,
Don't Install DeepSeek AI | Exposed,https://www.youtube.com/watch?v=bUQbzSl2aA8&pp=ygUIRGVlcHNlZWs%3D,23K views,,2 weeks ago,9:37
DeepSeek Ai á€¡á€€á€¼á€±á€¬á€„á€ºá€¸ á€•á€¼á€±á€¬á€€á€¼á€›á€¡á€±á€¬á€„á€º,https://www.youtube.com/watch?v=p5RgZBhF-iY&pp=ygUIRGVlcHNlZWs%3D,69K views,,2 weeks ago,16:56
Deepseek | China's New AI Model Destroys American ChatGPT | Dhruv Rathee,https://www.youtube.com/watch?v=FooC7gp4wk4&pp=ygUIRGVlcHNlZWs%3D,8.8M views,,11 days ago,19:39
ç™»é¡¶140å›½å®¶ä¸‹è½½æ¦œ DeepSeek æ–­äº†ç§‘æŠ€å¤§ä½¬è´¢è·¯ | å…«ç‚¹æœ€çƒ­æŠ¥ 03/02/2025,https://www.youtube.com/watch?v=y8tdF4JxJ8k&pp=ygUIRGVlcHNlZWs%3D,147K views,,13 days ago,
Why DeepSeek Will Disrupt Everything You Know About AI & What It Means For Markets | Tom Bilyeu Show,https://www.youtube.com/watch?v=6y9OdGPz8YI&pp=ygUIRGVlcHNlZWs%3D,344K views,,2 weeks ago,
GPUç¥è©±ä¸å†ï¼è§£ç¢¼DeepSeekï¼ŒAIæ‡‰ç”¨ç™¾èŠ±é½Šæ”¾ï¼Œèª°å°‡æˆæœ€å¤§è´å®¶ï¼ŸIs The AI Bubble Busting? Decoding DeepSeek. å°ˆè¨ªè€èƒ½æ™ºæ…§å‰µè¾¦äºº åŠ‰å³»èª  åšå£«,https://www.youtube.com/watch?v=7gdOL8QqxHI&pp=ygUIRGVlcHNlZWs%3D,242K views,,2 weeks ago,
ØªØ·Ø¨ÙŠÙ‚ Ø¯ÙŠØ¨ Ø³ÙŠÙƒ Deepseek Ø§Ù„ØµÙŠÙ†ÙŠ Ù„Ù„Ø°ÙƒØ§Ø¡ Ø§Ù„Ø§ØµØ·Ù†Ø§Ø¹ÙŠ.. Ø§Ù„Ù…Ù†Ø§ÙØ³ Ø§Ù„Ø£Ù‚ÙˆÙ‰ ÙˆØ§Ù„Ø£Ø±Ø®Øµ Ù„Ø´Ø§Øª Ø¬ÙŠ Ø¨ÙŠ ØªÙŠ chat Gpt,https://www.youtube.com/watch?v=5J1J_kw0_ug&pp=ygUIRGVlcHNlZWs%3D,165K views,,2 weeks ago,
China's DeepSeek triggers global tech sell-off,https://www.youtube.com/watch?v=V-Fla5hxMRg&pp=ygUIRGVlcHNlZWs%3D,2M views,,2 weeks ago,8:23
Deepseek for Research Writing | Better than Gemini Ai & Chatgpt,https://www.youtube.com/watch?v=mJ0QhaB9gl8&pp=ygUIRGVlcHNlZWs%3D,5.3K views,,2 weeks ago,
"OpenAI CEO Has No Plan To Sue DeepSeek, Admits Itâ€™s â€˜Impressiveâ€™",https://www.youtube.com/shorts/zHfyyCzpO-U,170K views,,13 days ago,
DeepSeekæœ€ææ€–çš„æ˜¯è®“å°æ‰‹æ€æ­»çš„éƒ½ä¸çŸ¥é“ AIé‡åº¦æ‚£è€…éƒ­æ­£äº®ç”¨éæ‰€æœ‰è»Ÿé«” é€™åŠŸèƒ½ç›®å‰é™¤äº†DeepSeekæ²’äººè¾¦å¾—åˆ° @GuoVision-TV,https://www.youtube.com/watch?v=SfQ97CcQpmI&pp=ygUIRGVlcHNlZWs%3D,248K views,,7 days ago,10:34
DeepSeek is Fake ? DeepSeek is using Chat GPT and Nvidia Chips ?,https://www.youtube.com/watch?v=h7CIqVQI9Os&pp=ygUIRGVlcHNlZWs%3D,29K views,,2 weeks ago,
Como Ganhar R$200 POR DIA com DeepSeek,https://www.youtube.com/watch?v=RSoxaPwYQKg&pp=ygUIRGVlcHNlZWs%3D,40K views,,1 day ago,
"How He Makes $1,500/Month Using DeepSeek AI (Copy His Strategy!) ğŸ˜¯ | DeepSeek-R1",https://www.youtube.com/watch?v=o__wOkpfVxc&pp=ygUIRGVlcHNlZWs%3D,8.5K views,,1 day ago,34:58
DeepSeek R1 + Perplexity is INSANE ğŸ¤¯,https://www.youtube.com/shorts/Q7UQz579lnY,47K views,,2 weeks ago,
DeepSeek AI à¸ˆà¸²à¸à¸ˆà¸µà¸™ à¸•à¸±à¸§à¸à¸¥à¸´à¸à¹€à¸à¸¡à¸ªà¸¹à¹‰à¸­à¹€à¸¡à¸£à¸´à¸à¸² | à¸¥à¸‡à¸—à¸¸à¸™à¹à¸¡à¸™à¸ˆà¸°à¹€à¸¥à¹ˆà¸²à¹ƒà¸«à¹‰à¸Ÿà¸±à¸‡,https://www.youtube.com/watch?v=oVp4YgVjs7I&pp=ygUIRGVlcHNlZWs%3D,196K views,,2 weeks ago,
Â¿QuÃ© es Mejor DeepSeek o ChatGPT? ğŸ¤¯,https://www.youtube.com/shorts/nOSJUgHZKEQ,56K views,,2 weeks ago,
Future of AI: what happens after DeepSeek? (No One knows - but I have a guess),https://www.youtube.com/watch?v=tjtnA8sm9ZA&pp=ygUIRGVlcHNlZWs%3D,24K views,,4 days ago,
Using DeepSeek be like... ğŸ’€ #animation #chatgpt #AI #deepseek #fyi #technology #China,https://www.youtube.com/shorts/E2Am7aEyQ5I,19K views,,12 days ago,
How to Earn with DeepSeek AI | Create a Tool Website Using Deepseek AIâœ… DeepSeek R1,https://www.youtube.com/watch?v=FftV0cBAUjU&pp=ygUIRGVlcHNlZWs%3D,32K views,,5 days ago,20:24
DEEPSEEK R1 EXPLAINED. HOW DOES THIS AI HUMILIATE SILICON VALLEY??,https://www.youtube.com/watch?v=8hatfPV4W9M&pp=ygUIRGVlcHNlZWs%3D,45K views,,2 weeks ago,
"How To Build A $10,000 App with AI (Cursor + DeepSeek)",https://www.youtube.com/watch?v=WZ8g6deOyAk&pp=ygUIRGVlcHNlZWs%3D,458K views,,2 weeks ago,
Did you try deepseek ? | China deepseek ai #deepseek #chatgpt,https://www.youtube.com/shorts/lFzXLplA2LE,469K views,,2 weeks ago,
How to Earn $240/Hour with DeepSeek For FREE (Make Money Online 2025),https://www.youtube.com/watch?v=ltG_EgCUZyw&pp=ygUIRGVlcHNlZWs%3D,112K views,,7 days ago,
OpenAI o3 tries to curb stomp DeepSeek...,https://www.youtube.com/watch?v=PoeFxGzPpXE&pp=ygUIRGVlcHNlZWs%3D,1.2M views,,11 days ago,
What happens when DeepSeek R1 (671B) runs on the Raspberry Pi 5?,https://www.youtube.com/watch?v=90AHn0S3zDA&pp=ygUIRGVlcHNlZWs%3D,23K views,,7 days ago,
Chinese DeepSeek Panicked the Stock Market,https://www.youtube.com/shorts/0IrBab1xtfM,243K views,,2 weeks ago,
ã€ç²¾è¯ã€‘DeepSeekå¦‚ä½•é¡›è¦†AIç•Œï¼Ÿæ›²åšç”¨ä¸€å¼µåœ–è®“ä½ ç§’æ‡‚AIé‹ä½œï¼ã€Šéˆ”éŒ¢éƒ¨ç½²ã€‹ç›§ç‡•ä¿ ft.æ›²åš 20250207,https://www.youtube.com/watch?v=U7dXyefV8k0&pp=ygUIRGVlcHNlZWs%3D,160K views,,9 days ago,
INSANE AI Writer Does Auto SEO BETTER Than Humans! DeepSeek R1&V3,https://www.youtube.com/watch?v=mXAIYWI5qHY&pp=ygUIRGVlcHNlZWs%3D,2.1K views,,1 day ago,
Big Tech in panic mode... Did DeepSeek R1 just pop the AI bubble?,https://www.youtube.com/watch?v=Nl7aCUsWykg&pp=ygUIRGVlcHNlZWs%3D,3.7M views,,2 weeks ago,3:37
Mark Zuckerberg on DeepSeek | Lex Fridman Podcast,https://www.youtube.com/watch?v=OyYYbO4_aCI&pp=ygUIRGVlcHNlZWs%3D,17K views,,7 days ago,
Chinese DeepSeek AI Wipes Off $1 Trillion From US Tech Giants In A Day | Explained by Ankit Agrawal,https://www.youtube.com/watch?v=5z3gCirY_BI&pp=ygUIRGVlcHNlZWs%3D,349K views,,2 weeks ago,11:51
âœ… Instant AdSense Approval Using DeepSeek AI â€“ Step-by-Step Guide #adsense #blogging,https://www.youtube.com/watch?v=sATpKXzUooA&pp=ygUIRGVlcHNlZWs%3D,8.2K views,,5 days ago,13:15
DeepSeek R1 Explained â€“ The Mind-Blowing AI Model.,https://www.youtube.com/watch?v=rWky1japtJ8&pp=ygUIRGVlcHNlZWs%3D,374K views,,2 weeks ago,7:37
Free AI Challenger: DeepSeek R1 vs. ChatGPT O1!,https://www.youtube.com/watch?v=3chfe8Q9rtQ&pp=ygUIRGVlcHNlZWs%3D,187K views,,3 weeks ago,29:39
What is DeepSeek & why is everyone talking about this Chinese company?,https://www.youtube.com/watch?v=XhNZGNXxCXo&pp=ygUIRGVlcHNlZWs%3D,20K views,,2 weeks ago,6:24
ChatGPT VS DeepSeek : Controversial Questions #Shorts #Viral,https://www.youtube.com/shorts/NsZRj8HOLXk,89K views,,2 weeks ago,
"è¼é”.å¾®è»Ÿ.äºé¦¬éœ""è·ªäº†?åŒæ—¥æ¥å…¥DeepSeekã€åœ‹éš›ç›´çƒå°æ±ºã€‘ç²¾è¯ç‰ˆ â€ªâ€ªâ€ª@å…¨çƒå¤§è¦–é‡Global_Vision",https://www.youtube.com/watch?v=2Zd-EBcNQDk&pp=ygUIRGVlcHNlZWs%3D,176K views,,13 days ago,
"Fast simple way to use DeepSeek AI on your local computer for FREE and Offline, WITHOUT sending your",https://www.youtube.com/shorts/Ai2SZ3QquXs,34K views,,2 weeks ago,
DeepSeek a DÃ©multipliÃ© sa Vitesse x2 TOUT SEUL - L'IA Auto-Ã‰volutive,https://www.youtube.com/watch?v=LDfuiGfNcgM&pp=ygUIRGVlcHNlZWs%3D,55K views,,7 days ago,
Â¿QuÃ© EstÃ¡ Pasando Con DeepSeek?,https://www.youtube.com/watch?v=FI9O05gDBKg&pp=ygUIRGVlcHNlZWs%3D,285K views,,13 days ago,
How to Earn Rs.2000/Day from DeepSeek AI | Create a Free Tool Website Using Deepseek AI in Telugu,https://www.youtube.com/watch?v=eNS5CZMfRJk&pp=ygUIRGVlcHNlZWs%3D,9.6K views,,1 day ago,24:05
Cadeia pra quem usar DeepSeek,https://www.youtube.com/watch?v=eU_UtqbOeDE&pp=ygUIRGVlcHNlZWs%3D,49K views,,9 days ago,
What is Chinaâ€™s DeepSeek and Why It Matters - Podcast with Nasir Baig,https://www.youtube.com/watch?v=yWFOrpP2D3o&pp=ygUIRGVlcHNlZWs%3D,603K views,,2 weeks ago,24:35
ChatGPT vs DeepSeek: FULL Comparison,https://www.youtube.com/shorts/uk614uNrErA,80K views,,2 weeks ago,
à´•àµà´²à´¾à´¸à´¿à´²àµ† à´œà´¾à´Ÿà´¯à´¿à´²àµà´²à´¾à´¤àµà´¤ à´ªàµà´¤à´¿à´¯ à´ªà´ à´¿à´ªàµà´ªà´¿à´¸àµà´±àµà´±àµ! DEEPSEEK #umerabdussalam #ai,https://www.youtube.com/shorts/Hb_KhnemAeM,32K views,,2 weeks ago,
DeepSeek: Ñ€Ğ¾ÑÑĞ¸Ğ¹ÑĞºĞ¸Ğµ ÑĞºÑĞ¿ĞµÑ€Ñ‚Ñ‹ â€” Ğ¿Ñ€Ğ¾ ĞºĞ¸Ñ‚Ğ°Ğ¹ÑĞºÑƒÑ Ğ½ĞµĞ¹Ñ€Ğ¾ÑĞµÑ‚ÑŒ | ĞĞ±Ğ·Ğ¾Ñ€: ÑÑ‚Ğ¾Ñ‚ Ñ‡Ğ°Ñ‚-Ğ±Ğ¾Ñ‚ Ğ»ÑƒÑ‡ÑˆĞµ ChatGPT?,https://www.youtube.com/watch?v=gfDX4tmI3vk&pp=ygUIRGVlcHNlZWs%3D,816K views,,2 weeks ago,
DeepSeek: Te lo explico TODO ğŸ‹ğŸ’¥,https://www.youtube.com/watch?v=CqX6PbVEE2g&pp=ygUIRGVlcHNlZWs%3D,251K views,,2 weeks ago,20:25
DeepSeekå‰›ç«å°±è¦å®æ‰å—ï¼Ÿå²ä¸Šæœ€é€šä¿—çš„AIç§‘æ™®ï¼ååˆ†é˜ææ‡‚ä¸­åœ‹Aiå½é“è¶…è»Šçš„æ‰‹æ®µï¼,https://www.youtube.com/watch?v=nN-VacxHUH8&pp=ygUIRGVlcHNlZWs%3D,757K views,,9 days ago,
What India can learn from DeepSeek,https://www.youtube.com/watch?v=UR3HGeldsAQ&pp=ygUIRGVlcHNlZWs%3D,104K views,,5 days ago,23:45
DeepSeek AI Wiped $465 Billion of NvidiağŸ”¥ #deepseek #ai,https://www.youtube.com/shorts/04r8Vp6GxTg,16K views,,2 weeks ago,
DeepSeekéœ‡æ’¼ç¾è‚¡ï¼å°‡å¨è„…NVIDIAåœ°ä½ï¼Ÿç©¶ç«Ÿæ˜¯æ›‡èŠ±ä¸€ç¾é‚„æ˜¯çœŸæœ‰å¨è„…ï¼ï¼Ÿ,https://www.youtube.com/watch?v=spoPf8CjjBo&pp=ygUIRGVlcHNlZWs%3D,403K views,,12 days ago,
ã€è¶…å…¨æ•™ç¨‹ã€‘DeepSeek 3å¤§ç”¨æ³•ï¼å†è¦‹ChatGPT/cursorï½œæœ€å¼·é–‹æºæ¨¡å‹ï¼ŒAIå°è©±/AIç·¨ç¨‹/AIç¿»è­¯ï½œæ€éº¼ç”¨å¥½DeepSeekï¼Ÿæ‰‹æŠŠæ‰‹å…¨æ–°æ•™ç¨‹ï½œvs code/æ²‰æµ¸å¼ç¿»è­¯,https://www.youtube.com/watch?v=iYr1UB8ZXhI&pp=ygUIRGVlcHNlZWs%3D,596K views,,1 month ago,12:26
"DeepSeek leveraged US chips, â€˜stolenâ€™ technology",https://www.youtube.com/shorts/AXHPm2MSpyw,700 views,,2 weeks ago,
"DeepSeek, l'intelligence artificielle chinoise qui fait trembler la tech amÃ©ricaine â€¢ FRANCE 24",https://www.youtube.com/watch?v=wnu1IB2knJs&pp=ygUIRGVlcHNlZWs%3D,251K views,,2 weeks ago,
Ending the debate on Deepseek vs. ChatGPT | Things you must know about the new AI.,https://www.youtube.com/watch?v=2a-X6Rzxn88&pp=ygUIRGVlcHNlZWs%3D,138K views,,2 weeks ago,
China's NEW Deepseek AI: The ChatGPT Killer? How It Can Pay Your Rent or Mortgage!,https://www.youtube.com/watch?v=PA-sqqTAbPs&pp=ygUIRGVlcHNlZWs%3D,21K views,,3 days ago,19:57
DeepSeek-R1: EASIEST WAY To Learn To Code in 2025,https://www.youtube.com/watch?v=ItGxewEdpaQ&pp=ygUIRGVlcHNlZWs%3D,293K views,,2 weeks ago,6:52
Ena Sam uğŸ˜‚ OpenAIğŸ‡ºğŸ‡¸ Vs Deepseek Vs Alibaba Qwen AIğŸ‡¨ğŸ‡³ Wait for EndğŸ¤£,https://www.youtube.com/shorts/KtQTPILXsLM,97K views,,2 weeks ago,
Did DeepSeek Steal OpenAI Data? Microsoft Begins Probe | Explained by Ankit Agrawal,https://www.youtube.com/watch?v=-WbCgl8gn60&pp=ygUIRGVlcHNlZWs%3D,207K views,,2 weeks ago,
World's First Self-Correcting Open Source Model - Deepseek R1,https://www.youtube.com/shorts/Y3n-XoBST_s,24K views,,3 weeks ago,
Deepseek R1 671b Running LOCAL AI LLM is a ChatGPT Killer!,https://www.youtube.com/watch?v=yFKOOK6qqT8&pp=ygUIRGVlcHNlZWs%3D,522K views,,2 weeks ago,19:13
Deepseek VL-2 : Deepseek STRIKES BACK with their NEW CRAZY AI VISION MODEL!,https://www.youtube.com/watch?v=7uD8X_25n18&pp=ygUIRGVlcHNlZWs%3D,35K views,,9 days ago,9:33
à´šàµˆà´¨ Ai à´•à´¾à´°à´£à´‚ à´…à´®àµ‡à´°à´¿à´•àµà´•àµ» Ai à´•à´®àµà´ªà´¨à´¿à´•à´³àµŠà´•àµà´•àµ† à´µàµ€à´£àµ ! DEEPSEEK R1 REVIEW,https://www.youtube.com/watch?v=BCR4Mk3A4Lo&pp=ygUIRGVlcHNlZWs%3D,290K views,,3 weeks ago,16:22
Bro outsmarted DeepSeek ğŸ’€,https://www.youtube.com/shorts/LlO6RzJNFcE,3.8K views,,1 day ago,
#Deepseek R1 671 local #ai running soon!,https://www.youtube.com/shorts/ODwN2Zvzjcg,61K views,,2 weeks ago,
DeepSeek is a Game Changer for AI - Computerphile,https://www.youtube.com/watch?v=gY4Z-9QlZ64&pp=ygUIRGVlcHNlZWs%3D,1.4M views,,2 weeks ago,19:58
"I Asked DEEPSEEK AI â€œWhat's the BEST Way to Make $1,000/Day Online?â€ Result = $48,416 (SHOCKED)",https://www.youtube.com/watch?v=5xekL3l24hI&pp=ygUIRGVlcHNlZWs%3D,55K views,,10 days ago,
Full Course - Make DeepSeek-R1 Mobile Tool Website n Earn Money | DeepSeek R1 Full Course,https://www.youtube.com/watch?v=Jbw6oz3Q1_8&pp=ygUIRGVlcHNlZWs%3D,60K views,,10 days ago,
Ø§Ù„Ø³ÙØ§Ø­ Ø§Ù„ØµÙŠÙ†ÙŠ.. Ù‡Ù„Ø¹ ÙˆØ°Ø¹Ø± Ø´Ø±ÙƒØ§Øª Ø§Ù„ØªÙƒÙ†ÙˆÙ„ÙˆØ¬ÙŠØ§ Ø§Ù„Ø£Ù…Ø±ÙŠÙƒÙŠØ© Ø£Ù…Ø§Ù… Ø§Ù„Ø°ÙƒØ§Ø¡ Ø§Ù„ØµÙŠÙ†ÙŠ Ø¯ÙŠØ¨ Ø³ÙŠÙƒ- deepseek,https://www.youtube.com/watch?v=pyCZSVRcYiM&pp=ygUIRGVlcHNlZWs%3D,543K views,,2 weeks ago,
Deepseek AI is taking the world by storm and here are the top 3 features,https://www.youtube.com/shorts/umiyMPEWr0A,6.6K views,,3 weeks ago,
DeepSeek R1 Explained: This Free AI Model Changes Everything! (How to Install on Mac),https://www.youtube.com/watch?v=Ysu2BTBH3Uk&pp=ygUIRGVlcHNlZWs%3D,105K views,,2 weeks ago,14:55
DeepSeek AI Ø¢Ù…ÙˆØ²Ø´ Ø¬Ø§Ù…Ø¹ Ù‡ÙˆØ´ Ù…ØµÙ†ÙˆØ¹ÛŒ Ú©Ø´ÙˆØ± Ú†ÛŒÙ†ØŒ Ø¯ÛŒÙ¾ Ø³ÛŒÚ©: Ø±Ø§ÛŒÚ¯Ø§Ù† Ùˆ Ù‚Ø¯Ø±ØªÙ…Ù†Ø¯,https://www.youtube.com/watch?v=JVWIB6PlLwI&pp=ygUIRGVlcHNlZWs%3D,62K views,,1 month ago,
All You Need To Know About DeepSeek- ChatGPT Killer,https://www.youtube.com/watch?v=ZoWxZ8Ihf4M&pp=ygUIRGVlcHNlZWs%3D,126K views,,2 weeks ago,14:43
ğŸ¤– PRUEBO DEEPSEEK Y HABLA DE MÃ - #Test | La red de Mario,https://www.youtube.com/watch?v=vW-XFhY9cJA&pp=ygUIRGVlcHNlZWs%3D,11K views,,6 days ago,
DeepSeek -à®©à¯ à®®à®°à®£ à®…à®Ÿà®¿ ğŸ”¥ | ChatGPT âŒ DeepSeek âœ…,https://www.youtube.com/watch?v=-s9WNqVuRms&pp=ygUIRGVlcHNlZWs%3D,504K views,,2 weeks ago,
A kÃ­nai DeepSeek! VÃ©ge a ChatGPT-nek? // AUTÃ“SÃMÃN,https://www.youtube.com/watch?v=KnXCn7FGskQ&pp=ygUIRGVlcHNlZWs%3D,15K views,,2 weeks ago,
ä¸­åœ‹DeepSeekæ€å¸‚å ´éœ‡æ’¼ ç¾ç§‘æŠ€è‚¡å¤œç›¤æš´è·Œï½œDeepSeekæ©«ç©ºå‡ºä¸– ä¸­åœ‹å¼·å¤§ç¾åš‡å‘†ã€é„­äº¦çœŸè¾£æ™šå ±ã€‘ç²¾è¯ç‰ˆ @ä¸­å¤©æ–°èCtiNews,https://www.youtube.com/watch?v=WARDSeyxbj8&pp=ygUIRGVlcHNlZWs%3D,442K views,,2 weeks ago,
How To Use DeepSeek For Beginners,https://www.youtube.com/watch?v=ExhKoFKEvh8&pp=ygUIRGVlcHNlZWs%3D,26K views,,2 weeks ago,
DeepSeek V3: Revolutionizing AI Search with Unmatched Accuracy,https://www.youtube.com/shorts/G7CwLtAoHss,1.7K views,,1 month ago,
Chinaâ€™s New AI Model DeepSeek Just Won the Tech Race...American CEOs in Shock!,https://www.youtube.com/watch?v=OC2J-0vlhy8&pp=ygUIRGVlcHNlZWs%3D,1.3M views,,3 weeks ago,15:44
è®¸æˆé’¢è°ˆç»è®ºæ”¿ï¼šDeepSeekæ˜¯äººå·¥æ™ºèƒ½é¢†åŸŸé‡Œçš„é‡å¤§çªç ´å—ï¼Ÿ,https://www.youtube.com/watch?v=EioY5g2C-sg&pp=ygUIRGVlcHNlZWs%3D,251K views,,7 days ago,
DeepSeek-R1 FULL 1 Hour 40 min Course,https://www.youtube.com/watch?v=asdpMLAzyA0&pp=ygUIRGVlcHNlZWs%3D,183K views,,2 weeks ago,
AMERÄ°KA'NIN KORKULU RÃœYASI DEEPSEEK | Kimse bunlarÄ± anlatmadÄ±!,https://www.youtube.com/watch?v=r4XG6Yv-7q0&pp=ygUIRGVlcHNlZWs%3D,196K views,,2 weeks ago,
Earn 100K/Month Using DeepSeek AI | Create Tool Website Using DeepSeek AI | DeepSeek R1 Full Course,https://www.youtube.com/watch?v=VP9gBWq3TJQ&pp=ygUIRGVlcHNlZWs%3D,44K views,,4 days ago,13:29
New Letest Ai Tools Inventors #shorts #coding #ai #artificialintelligence #inventions,https://www.youtube.com/shorts/yMpmXxrxqak,11K views,,1 day ago,
"DeepSeek R1: genial para startups, malo para Silicon Valley",https://www.youtube.com/watch?v=Xk33QyjSIl0&pp=ygUIRGVlcHNlZWs%3D,786K views,,2 weeks ago,
DeepSeek is Absolute Garbage,https://www.youtube.com/watch?v=jCgIhhKn6Lw&pp=ygUIRGVlcHNlZWs%3D,146K views,,2 weeks ago,12:57
Unbelievable Move by Deepseek | Beats DALLE-3! (How To Use for Free),https://www.youtube.com/watch?v=TOIxDoPaaEc&pp=ygUIRGVlcHNlZWs%3D,206K views,,2 weeks ago,4:06
"DeepSeek Vs. ChatGPT: AI à¶ºà·”à¶¯à·Šà¶°à¶ºà·™à¶±à·Š à¶¯à·’à¶±à¶±à·Šà¶±à·š à¶ à·“à¶±à¶ºà¶¯, à¶‡à¶¸à·™à¶»à·’à¶šà·à·€à¶¯? Patali Champika Ranawaka | Rasika",https://www.youtube.com/watch?v=GEBwKO7-9cE&pp=ygUIRGVlcHNlZWs%3D,37K views,,10 days ago,1:01:34
"DeepSeek: Free, powerful, dangerous? What you need to know now!",https://www.youtube.com/watch?v=nQ1uIqZn-l8&pp=ygUIRGVlcHNlZWs%3D,6.3K views,,6 days ago,
Will China's AI Destroy American Tech? | DeepSeek vs ChatGPT | GRAVITAS,https://www.youtube.com/shorts/LD3zn_wYw9Q,6.2K views,,2 weeks ago,
"CÃ³mo usar instalar la IA DEEPSEEK en MÃ“VIL, WEB, LOCAL y con otras HERRAMIENTAS",https://www.youtube.com/watch?v=YMXYZUN7sVY&pp=ygUIRGVlcHNlZWs%3D,183K views,,2 weeks ago,20:00
How Chinaâ€™s DeepSeek Came for Big AI,https://www.youtube.com/watch?v=zw-XrTmuirg&pp=ygUIRGVlcHNlZWs%3D,552K views,,2 weeks ago,8:57
FASTEST Way to Make Money Online with DEEPSEEK AI BOT ($230/Day),https://www.youtube.com/watch?v=lGf07vI112w&pp=ygUIRGVlcHNlZWs%3D,26K views,,10 days ago,13:10
Free Course - Make an Mobile App Using DeepSeek-R1 and Earn Money | DeepSeek AI Se Mobile App Banaye,https://www.youtube.com/watch?v=ovRWKH4j_LQ&pp=ygUIRGVlcHNlZWs%3D,162K views,,12 days ago,
Tutto quello che devi sapere su Deepseek,https://www.youtube.com/watch?v=mSMiA4M4pWY&pp=ygUIRGVlcHNlZWs%3D,186K views,,2 weeks ago,12:17
IBM CEO says DeepSeek moment will help fuel AI adoption#deepseek #shorts #ai #ibm,https://www.youtube.com/shorts/5-78Pr5Ft-4,5.9K views,,4 days ago,
Use Chinaâ€™s new AI Chatbot for free ğŸ”¥ğŸ’¯ #shorts #pc #deepseek #chatgpt #ai,https://www.youtube.com/shorts/G18Fav7Q2Fk,234K views,,2 weeks ago,
"DeepSeekç‹‚ç†±çºŒç‡’! é ""å­«å­å…µæ³•""æ¬Šè¬€æ‰“è¶´OpenAI? é€¾2000å€‹å±±å¯¨DeepSeekç¶²ç«™ç¾è¹¤! 6æˆIPç«Ÿåœ¨ç¾åœ‹!â”‚é™³æ–å¨Ÿ ä¸»æŒâ”‚202502015â”‚é—œæˆ‘ä»€éº¼äº‹ feat.æœ±å²³ä¸­.ç‹å…†ç«‹",https://www.youtube.com/watch?v=QIx59XOtARs&pp=ygUIRGVlcHNlZWs%3D,11K views,,1 day ago,12:29
çœ¼çœ‹ChatGPTåœ¨æ£‹ç›˜å ä¼˜åŠ¿ DeepSeekç©è‡­æ”¹è§„åˆ™ | æ–°é—»æŠ¥æŠ¥çœ‹ 09/02/2025,https://www.youtube.com/watch?v=sJk7z9nOtlI&pp=ygUIRGVlcHNlZWs%3D,85K views,,7 days ago,
Chinaâ€™s DeepSeek AI censorship,https://www.youtube.com/shorts/aAOydVRt2Rc,544K views,,3 weeks ago,
"Build anything with DeepSeek-R1, hereâ€™s how",https://www.youtube.com/watch?v=E05tO8ic45E&pp=ygUIRGVlcHNlZWs%3D,188K views,,3 weeks ago,
ã€ãƒ¬ãƒ™ãƒ«åˆ¥ã€‘DeepSeekã®åˆ©ç”¨ã¯å±é™ºãªã®ã‹ï¼Ÿã€è§£èª¬ã€‘,https://www.youtube.com/watch?v=7jrOqwBAWKY&pp=ygUIRGVlcHNlZWs%3D,71K views,,2 weeks ago,
DeepSeek hits AI tech companies,https://www.youtube.com/shorts/5t0REM1GHEM,53K views,,2 weeks ago,
Earn Money with DeepSeek using THIS Strategy ($1000+ PER WEEK),https://www.youtube.com/watch?v=XfQpEcvLyK0&pp=ygUIRGVlcHNlZWs%3D,22K views,,8 days ago,
Why Deepseek doesn't need Internet? #ai #deepseek #tamilshorts,https://www.youtube.com/shorts/4wwaMUQ_o58,220K views,,11 days ago,
DeepSeek A.I. : Chinese govâ€™t never makes mistakes x99,https://www.youtube.com/shorts/DifzbqnoQfo,276K views,,2 weeks ago,
OpenAI CEOå¥§çˆ¾ç‰¹æ›¼ï¼šDeepSeekä»¤äººå°è±¡æ·±åˆ»ï¼Œå¾ˆé«˜èˆˆæœ‰å¦ä¸€å€‹ç«¶çˆ­å°æ‰‹ã€‚#OpenAI #DeepSeek #SamAltman #æ·±åº¦æ±‚ç´¢,https://www.youtube.com/shorts/XCauksnCbeo,58K views,,11 days ago,
"DeepSeek, ChatGPT'ye NasÄ±l Diz Ã‡Ã¶ktÃ¼rdÃ¼?",https://www.youtube.com/watch?v=X40-2AzAj-8&pp=ygUIRGVlcHNlZWs%3D,791K views,,7 days ago,
Is Chinaâ€™s DeepSeek the end of Nvidiaâ€™s AI dominance?,https://www.youtube.com/watch?v=GRajzppBsqc&pp=ygUIRGVlcHNlZWs%3D,50K views,,11 days ago,5:00
DeepSeek vs. OpenAI: How the Open-Source Revolution Threatens the Imperialism of Big Tech,https://www.youtube.com/watch?v=74VVN9THfU8&pp=ygUIRGVlcHNlZWs%3D,11K views,,4 days ago,49:25
"Deepseek R1 - How to Use DeepSeek To Make $2,792 Again and Again (For Free)",https://www.youtube.com/watch?v=N7_gUStZzNY&pp=ygUIRGVlcHNlZWs%3D,231K views,,2 weeks ago,23:33
DeepSeek=æ·±åº¦è¦ºé†’ï¼Ÿæ¨å‹•ç§‘æŠ€è‚¡é‡æ–°ä¼°å€¼ã€‚æœªä¾†AIæ‡‰ç”¨ã€å•†æ¥­åŒ–æ‰æ˜¯é‡é»ï¼Œåˆ†ææ½›åŠ›æ¿å¡Šï¼Œå°é¾é ­Metaã€Nvidiaçš„å½±éŸ¿ | é»ƒåœ‹è‹± | Z.com Forex å¤–åŒ¯äº¤æ˜“å®¤,https://www.youtube.com/watch?v=ubFcgvZ33YU&pp=ygUIRGVlcHNlZWs%3D,25K views,,4 days ago,
CHINA Built Deepseek. What is INDIA doing ?,https://www.youtube.com/watch?v=slayM4PloaA&pp=ygUIRGVlcHNlZWs%3D,18K views,,2 days ago,
DeepSeek Drops Janus Pro - Vision AND Image Gen In ONE Model,https://www.youtube.com/watch?v=_uTMyY1irUg&pp=ygUIRGVlcHNlZWs%3D,96K views,,2 weeks ago,
The DEEPSEEK tsunami EXPLAINED,https://www.youtube.com/watch?v=66le3H7yI1Q&pp=ygUIRGVlcHNlZWs%3D,820K views,,2 weeks ago,
[GRPO Explained] DeepSeekMath: Pushing the Limits of Mathematical Reasoning in Open Language Models,https://www.youtube.com/watch?v=bAWV_yrqx4w&pp=ygUIRGVlcHNlZWs%3D,125K views,,3 weeks ago,
ğŸš¨ğŸš¨DEEPSEEK ğŸ‹ Explained In Telugu | Kranthi Vlogger,https://www.youtube.com/watch?v=EUkHNU6tOOY&pp=ygUIRGVlcHNlZWs%3D,105K views,,2 weeks ago,12:40
"Build anything with DeepSeek R1, hereâ€™s how",https://www.youtube.com/watch?v=BdMEQzt_js0&pp=ygUIRGVlcHNlZWs%3D,572K views,,3 weeks ago,21:36
à²šà³€à²¨à²¾ DeepSeek à²¹à³Šà²¡à³†à²¤ | Chinese AI Chatbot rattles US Tech Giants | US Market | NVIDIA | Masth Magaa,https://www.youtube.com/watch?v=qkrsLrVGRj0&pp=ygUIRGVlcHNlZWs%3D,299K views,,2 weeks ago,
DeepSeekå¼•ç™¼ç¾åª’æ“”æ†‚ï¼šç¾åœ‹åœ¨AIé ˜åŸŸæ˜¯å¦è½å¾Œä¸­åœ‹ï¼Ÿå¾®è»Ÿå…¬å¸å‰µå§‹äººæ¯”çˆ¾è“‹èŒ¨ï¼šé€™ä¸€è¼ªä¸­åœ‹é ˜å…ˆä¸¦ä¸æ„å¤–ã€‚#DeepSeek #æ¯”çˆ¾è“‹èŒ¨ #BillGates #openai,https://www.youtube.com/shorts/yIRHKeYB31o,212K views,,7 days ago,
DeepSeek vs ChatGPT - Who Will Win,https://www.youtube.com/shorts/NSSCOehljEo,66K views,,2 weeks ago,
"Usa-Cina, DeepSeek vs ChatGPT: lo schiaffo di Xi a Trump e Musk",https://www.youtube.com/watch?v=kQKNZtI4siU&pp=ygUIRGVlcHNlZWs%3D,79K views,,2 weeks ago,37:35
NVIDIA made its own Devin copy with DEEPSEEK R1!!!,https://www.youtube.com/watch?v=mM4NWS3o2Lo&pp=ygUIRGVlcHNlZWs%3D,11K views,,2 days ago,6:53
'Deep Research': OpenAI's Reply to Chinaâ€™s DeepSeek? | Vantage with Palki Sharma | N18G,https://www.youtube.com/shorts/NY8XSExy-tw,30K views,,13 days ago,
Yet Another INSANE AI From China: First DeepSeek Now ByteDance (Beyond Scary),https://www.youtube.com/watch?v=u5lmGv93pGA&pp=ygUIRGVlcHNlZWs%3D,200K views,,9 days ago,10:01
DeepSeek-R1 VS ChatGPT o1: Who wins?,https://www.youtube.com/shorts/WffTHt8c9zU,75K views,,2 weeks ago,
CÃ³mo Instalar y Usar DEEPSEEK | IA GRATIS,https://www.youtube.com/watch?v=Fuzzpcog7tQ&pp=ygUIRGVlcHNlZWs%3D,552K views,,2 weeks ago,
Stupid or really great? Why did DeepSeek choose open source?,https://www.youtube.com/watch?v=P29UqbkrsAQ&pp=ygUIRGVlcHNlZWs%3D,142K views,,11 days ago,
AI Battle Heats Up: West Tries to Crush China's DeepSeek | Vantage with Palki Sharma | N18G,https://www.youtube.com/watch?v=pXjhlo9GBb4&pp=ygUIRGVlcHNlZWs%3D,304K views,,2 weeks ago,
The US government is ALREADY trying to ban this AI #deepseek #ai #chatgpt #carterpcs #tech #techtok,https://www.youtube.com/shorts/ER-o8-94scM,153K views,,13 days ago,
DeepSeek's R1 model will be replicated by researchers at Hugging Face,https://www.youtube.com/shorts/hgppJHaDBtA,92K views,,2 weeks ago,
DeepSeek R1 Demo at Home.,https://www.youtube.com/shorts/c4jISq_Y66Q,11K views,,1 day ago,
DeepSeek V3: Incredible AI at an Unbeatable Price!,https://www.youtube.com/watch?v=M1PDuDz8IUI&pp=ygUIRGVlcHNlZWs%3D,190 views,,1 month ago,
DeepSeek: GeleceÄŸin Teknolojisi â€“ Teknik Ä°nceleme / Prof. Dr. Emre Onur Kahya ile Bilim Ekstra,https://www.youtube.com/watch?v=YGfVRbl9hN8&pp=ygUIRGVlcHNlZWs%3D,15K views,,4 days ago,
Learn DeepSeek-R1 in 30 Minutes: Watch BEFORE It's TOO LATE!,https://www.youtube.com/watch?v=o_izsSNkgW0&pp=ygUIRGVlcHNlZWs%3D,263K views,,2 weeks ago,
"Prince Alwaleed: Trumpâ€™s Tariffâ€™s, DeepSeek, & Going From Fox Newsâ€™ Biggest Investor to Backing X",https://www.youtube.com/watch?v=r_eFGCBPuuM&pp=ygUIRGVlcHNlZWs%3D,541K views,,10 days ago,58:13
Will France Ban China's Deepseek? Hear Macron's Reply | Firstpost-France TV Exclusive | N18G,https://www.youtube.com/watch?v=JfKwA0zR3so&pp=ygUIRGVlcHNlZWs%3D,25K views,,6 days ago,3:02
How to Install DeepSeek Secure Private and Free ğŸ’» ğŸ”’âœ¨,https://www.youtube.com/watch?v=w1c2oLoML8o&pp=ygUIRGVlcHNlZWs%3D,21K views,,2 weeks ago,
Running DeepSeek r1 on your own computer ğŸ’» #software #ai #tech #deepseek,https://www.youtube.com/shorts/5I0FGOFZkUA,322K views,,2 weeks ago,
How to actually run DeepSeek locally,https://www.youtube.com/watch?v=nt1SzojVy38&pp=ygUIRGVlcHNlZWs%3D,162K views,,2 weeks ago,4:05
Run DeepSeek AI Locally Without Internet! Full Offline Setup Guide ğŸš€,https://www.youtube.com/watch?v=VrchrCRAERY&pp=ygUIRGVlcHNlZWs%3D,41K views,,12 days ago,
DeepSeek vs ChatGPT ğŸ˜² | Madan Gowri | Tamil | MG Squad ğŸ––,https://www.youtube.com/shorts/UjY4lUFhvJQ,307K views,,2 weeks ago,
Deepseek AI How to Use it? This FREE AI Model is Super,https://www.youtube.com/watch?v=O57eO5jbHkg&pp=ygUIRGVlcHNlZWs%3D,11K views,,2 weeks ago,
é¦¬æ–¯å…‹è«‡DeepSeekï¼šä¸­åœ‹æœ‰å¾ˆå¤šéå¸¸è°æ˜ä¸”æœ‰ä¸Šé€²å¿ƒçš„å·¥ç¨‹å¸« æ‡‰è©²é æ–™åˆ°ä¸­åœ‹å¯ä»¥åšå‡ºå¾ˆå¤šå‰å¤§çš„æ±è¥¿#musk #AI #deepseek #china #tesla,https://www.youtube.com/shorts/3hYr3uMnijs,63K views,,6 days ago,
è‹±ä¼Ÿè¾¾ç™¾ä¸‡æ˜¾å¡æˆåºŸé“ï¼DeepSeekå¼€å§‹å›½äº§åŒ–é€‚é…ï¼AIå½»åº•ç™½èœä»·ï¼ä¸­å›½å·²å®ç°AIå®Œå…¨è‡ªä¸»å›½äº§åŒ–ï¼Œç¾å›½AIäº§ä¸šç»‘æ¶å…¨çƒèµ„æœ¬é˜´è°‹ç ´äº§,https://www.youtube.com/watch?v=V-W-6t4YLuo&pp=ygUIRGVlcHNlZWs%3D,92K views,,1 day ago,8:37
"Access Any AI Model(DeepSeek,LLama, OpenAI, Gemini, Qwen) Easily in OpenWebUI With OpenRouter AI API",https://www.youtube.com/watch?v=AsoT9KLxhk4&pp=ygUIRGVlcHNlZWs%3D,1.4K views,,1 day ago,
Deepseek App Kya Hai | Deepseek App Review | How to Use Deepseek App | Deepseek App Kaise Use Kare,https://www.youtube.com/watch?v=uzcDlR2CfyA&pp=ygUIRGVlcHNlZWs%3D,43K views,,2 weeks ago,5:19
DeepSeek Disrupts Global Markets | Vantage with Palki Sharma | Subscribe to Firstpost | N18G,https://www.youtube.com/shorts/qaGsDROsoyo,84K views,,2 weeks ago,
Deepseek Deepseek...à¤•à¥à¤¯à¤¾ à¤¹à¥ˆ à¤¯à¤¹ Deepseek? #china #usa #gpt #artificialintelligence #shorts #theiashub,https://www.youtube.com/shorts/thPxrBBQGos,246K views,,12 days ago,
DeepSeek R1'i BilgisayarÄ±nda Ã‡alÄ±ÅŸtÄ±r!,https://www.youtube.com/watch?v=00IUMrTQCkM&pp=ygUIRGVlcHNlZWs%3D,45K views,,4 days ago,18:01
Deepseek Ai: How to Use DeepSeek R1 to Make Money Online! ğŸ”¥ DeepSeek R1 Review,https://www.youtube.com/watch?v=YH8uEhsZyz0&pp=ygUIRGVlcHNlZWs%3D,169K views,,2 weeks ago,
Deepseek r1 | How to use deepseek AI | Chat GPT vs deepseek | Using Deepseek is Secure ? | USA China,https://www.youtube.com/watch?v=3ILXsaI4U-o&pp=ygUIRGVlcHNlZWs%3D,32K views,,2 weeks ago,16:58
Is Deepseek a national security risk? #carterpcs #tech #techtok #techfacts #deepseek #ai #chatgpt,https://www.youtube.com/shorts/NmAkmRDMdxM,140K views,,2 weeks ago,
ä¸åªæ˜¯DeepSeekï¼šã€Œä¸­åœ‹è£½é€ 2025ã€å¦‚ä½•è®“ä¸­åœ‹å´›èµ·ï¼ BBC News ä¸­æ–‡,https://www.youtube.com/watch?v=6-07MoT49iA&pp=ygUIRGVlcHNlZWs%3D,830K views,,9 days ago,7:04
DeepSeek - How to Fix The server is busy. Please try again later. Error | 3 Ways,https://www.youtube.com/watch?v=bclaFj18pQo&pp=ygUIRGVlcHNlZWs%3D,26K views,,9 days ago,
Deepseek R1 vs ChatGPT O3 Mini â€“ The Ultimate AI Battle in 2025! ğŸ†ğŸ¤–,https://www.youtube.com/shorts/rEoGUkuNJqU,25K views,,10 days ago,
DeepSeek: como inteligÃªncia artificial chinesa esquenta 'nova corrida espacial',https://www.youtube.com/watch?v=s2PShy1RxxI&pp=ygUIRGVlcHNlZWs%3D,319K views,,2 weeks ago,
çŸ¢æ¿æ˜å¤«è¯´ä¸‰é“å››ï¼šä¸­å›½äººå·¥æ™ºèƒ½DeepSeekä»Šåçš„å‘½è¿,https://www.youtube.com/watch?v=FrF6Ub-hI8Q&pp=ygUIRGVlcHNlZWs%3D,223K views,,2 weeks ago,9:05
å‰µç«‹ä¸è¶³å…©å¹´çš„ä¸­åœ‹å…¬å¸DeepSeekï¼Œä¸€å¤œé¡›è¦†å…¨çƒäººå·¥æ™ºèƒ½ç•Œï¼Œå»è—è‘—4å€‹é™°è¬€è«–ï¼Ÿ,https://www.youtube.com/watch?v=NS4N_PckRmI&pp=ygUIRGVlcHNlZWs%3D,212K views,,11 days ago,
DeepSeek Call Centre - Hello Kaun #deepseek #ankkitachamoli #ai #chatgpt #comedy,https://www.youtube.com/shorts/bP82JrNbPgE,33K views,,2 weeks ago,
WHAT IS DEEPSEEK? KNOW ALL DETAILS IS JUST 1 SECONDS!! #ai #deepseek #technology #souravsirsclasses,https://www.youtube.com/shorts/ZPzWV3cIZ3w,20K views,,2 weeks ago,
"China's BYD Challenges Tesla With Plans to Add DeepSeek, Give Driver-Assistance Software for Free",https://www.youtube.com/watch?v=d-SMPxJFFxs&pp=ygUIRGVlcHNlZWs%3D,45K views,,5 days ago,2:19
"Earn $6,200/Week with DeepSeek For BEGINNERS (Make Money Online)",https://www.youtube.com/shorts/i3a8w16J2yQ,115K views,,2 weeks ago,
AI Expert Explains Why DeepSeek is a Big Deal | MOONSHOTS,https://www.youtube.com/watch?v=WIE5zkDarKI&pp=ygUIRGVlcHNlZWs%3D,8.5K views,,5 days ago,3:33
DeepSeek R1 Free Course for Beginners,https://www.youtube.com/watch?v=Fv4dAJQmdtg&pp=ygUIRGVlcHNlZWs%3D,39K views,,2 weeks ago,
"Simple step-by-step tutorial how to download and run deepseek AI model on your computer, so that",https://www.youtube.com/shorts/_jp3yhJMQ2Q,7.2K views,,2 weeks ago,
How did Chinaâ€™s DeepSeek outsmart ChatGPT? | The Take,https://www.youtube.com/watch?v=XVjUoy-jkOo&pp=ygUIRGVlcHNlZWs%3D,291K views,,2 weeks ago,
7 utilisations INCROYABLES de DeepSeek ! (La fin de ChatGPT ?),https://www.youtube.com/watch?v=GtMEGdIhR7Q&pp=ygUIRGVlcHNlZWs%3D,123K views,,2 weeks ago,14:56
"DeepSeek â€“ Ğ˜Ğ˜, ĞšĞĞ¢ĞĞ Ğ«Ğ™ Ğ£ĞĞ˜Ğ§Ğ¢ĞĞ–Ğ˜Ğ› OpenAI Ğ¸ NVIDIA?",https://www.youtube.com/watch?v=kutfcYlRj5w&pp=ygUIRGVlcHNlZWs%3D,153K views,,2 weeks ago,
332,https://www.youtube.com/watch?v=8M1tAaSBXxA&pp=ygUIRGVlcHNlZWs%3D,26K views,,8 days ago,27:25
Deepseek R1 App Make Money | Deepseek App Kya Hai | Deepseek AI Review in Hindi/Urdu ğŸ”¥,https://www.youtube.com/watch?v=wSt5dXoyObE&pp=ygUIRGVlcHNlZWs%3D,84K views,,2 weeks ago,
You HAVE to Try Agentic RAG with DeepSeek R1 (Insane Results),https://www.youtube.com/watch?v=uWDocIoiaXE&pp=ygUIRGVlcHNlZWs%3D,88K views,,13 days ago,
ChatGPT vs DeepSeek (La HUMILLACIÃ“N MatemÃ¡tica del SIGLO),https://www.youtube.com/watch?v=rGpUaKxxFvM&pp=ygUIRGVlcHNlZWs%3D,273K views,,2 weeks ago,
"""DeepSeek Shakes Up US Market: Trump's Reaction & Meme Frenzy!""",https://www.youtube.com/shorts/hTcLtpeeR6A,3.7K views,,2 days ago,
ChatGPT and Deepseek CREATE new Mathematics and it is DISTURBING,https://www.youtube.com/watch?v=zgbT4GpEhDY&pp=ygUIRGVlcHNlZWs%3D,157K views,,6 days ago,
The AI Battle! ğŸ”¥ Chat gpt vs Deepseek vs India ğŸ‡®ğŸ‡³ Gagan Pratap Sir #chatgpt #deepseek #india,https://www.youtube.com/shorts/E1IM_Ahd6kU,607K views,,2 weeks ago,
How to integrate DeepSeek into Microsoft Excel (Step-by-Step),https://www.youtube.com/watch?v=ln8oxm9Gvjs&pp=ygUIRGVlcHNlZWs%3D,17K views,,8 days ago,8:37
China DeepSeek is GAME OVER for Elon Musk stock market,https://www.youtube.com/watch?v=dv4t23Vw37g&pp=ygUIRGVlcHNlZWs%3D,484K views,,2 weeks ago,
DeepSeek R1 æ»¡è¡€å¼€æºï¼671B å®˜æ–¹ç‰ˆï¼Œæœ¬åœ° & äº‘ç«¯éƒ¨ç½²ï¼Œç»•è¿‡ç¡¬ä»¶é™åˆ¶ï¼Œå°é¸¡æ‰›å¤§ç‚®å®æµ‹ï¼ | é›¶åº¦è§£è¯´,https://www.youtube.com/watch?v=WV16CE7EJSo&pp=ygUIRGVlcHNlZWs%3D,171K views,,8 days ago,
à°ªà±à°°à°ªà°‚à°šà°¨à°¿à°•à°¿ China Master StrokeğŸ¤Ÿ| DEEPSEEK AI | DeepSeek AI vs ChatGPT | @Frontlinesmedia,https://www.youtube.com/watch?v=uGN6ZwL8wIQ&pp=ygUIRGVlcHNlZWs%3D,37K views,,2 weeks ago,
"China's DeepSeek AI should be a ""wake up callâ€for US industry: Trump",https://www.youtube.com/shorts/7SE73a8zoKg,225K views,,2 weeks ago,
Bolt.DIY + Deepseek-R1: Develop a Full-stack App For FREE Without Writing ANY Code! (OPENSOURCE),https://www.youtube.com/watch?v=pC4nBwHnVoY&pp=ygUIRGVlcHNlZWs%3D,107K views,,3 weeks ago,
pov you're the 10x developer at deepseek,https://www.youtube.com/shorts/yMYUDN4Tfws,3.1M views,,2 weeks ago,
Deepseek R1 AI: How To Use | Deepseek AI Mobile App vs Chat GPT in Hindi | Deepseek AI Login Problem,https://www.youtube.com/watch?v=SlAH6SUMB4s&pp=ygUIRGVlcHNlZWs%3D,51K views,,2 weeks ago,
DEEPSEEK R1: How Chinese AI startup Shocked Silicon Valley | Explained By Ankit Agrawal,https://www.youtube.com/watch?v=714vHyjIisk&pp=ygUIRGVlcHNlZWs%3D,834K views,,3 weeks ago,13:19
CÃ³mo instalar DeepSeek en tu computadora,https://www.youtube.com/watch?v=KJ3qKW6iiCs&pp=ygUIRGVlcHNlZWs%3D,168K views,,2 weeks ago,
"Yanis Varoufakis on Gaza, Trumpâ€™s Trade Wars, and DeepSeek",https://www.youtube.com/watch?v=WQIRGmIa69U&pp=ygUIRGVlcHNlZWs%3D,259K views,,10 days ago,
No es lo que creÃ­as: DeepSeek R1 en tu Raspberry Pi,https://www.youtube.com/watch?v=_LMvsht9skc&pp=ygUIRGVlcHNlZWs%3D,97K views,,2 weeks ago,
"DeepSeek, the AI chatbot making waves - how does it stack up against ChatGPT?",https://www.youtube.com/shorts/YgjO5TWXJjg,17K views,,5 days ago,
The Truth About Chinaâ€™s DeepSeek AI,https://www.youtube.com/shorts/730UvFVhUlc,36K views,,2 weeks ago,
How to make DeepSeek and TikTok American: Perplexity CEO Aravind Srinivas explains,https://www.youtube.com/watch?v=EyMNxMzK-ow&pp=ygUIRGVlcHNlZWs%3D,79K views,,10 days ago,16:36
Are the DeepSeek fears real?,https://www.youtube.com/watch?v=8Fyf-85Saws&pp=ygUIRGVlcHNlZWs%3D,411K views,,2 weeks ago,9:26
China's Deepseek AI CRUSHES the Excel test,https://www.youtube.com/watch?v=R_mNIzdNjwk&pp=ygUIRGVlcHNlZWs%3D,49K views,,2 weeks ago,7:02
"DeepSeek AI CRASHES tech stocks, Bitcoin, Memecoins.",https://www.youtube.com/watch?v=8ex2HnnJ6I0&pp=ygUIRGVlcHNlZWs%3D,218K views,,2 weeks ago,14:32
DeepSeek: Kwanini programu hii ya AI imezua wasiwasi Marekani?,https://www.youtube.com/watch?v=Xm6XxhxP4lQ&pp=ygUIRGVlcHNlZWs%3D,16K views,,2 weeks ago,
DeepSeek(ChatCCP) Exposed,https://www.youtube.com/watch?v=o5bMrstdL94&pp=ygUIRGVlcHNlZWs%3D,60K views,,2 weeks ago,
DeepSeek-R1 æœ€å¼ºå¼€æºAIå¤§æ¨¡å‹ï¼æœ¬åœ°éƒ¨ç½²ï¼Œå®Œå…¨å…è´¹ï¼Œå®åŠ›åª²ç¾ OpenAI o1 | é›¶åº¦è§£è¯´,https://www.youtube.com/watch?v=tc84i2MM1b4&pp=ygUIRGVlcHNlZWs%3D,575K views,,3 weeks ago,
Apa Itu AI DeepSeek?,https://www.youtube.com/watch?v=MJ4XiehdUCc&pp=ygUIRGVlcHNlZWs%3D,175K views,,2 weeks ago,
ğŸ‹ How to Download DeepSeek R1 Locally | Install DeepSeek AI Locally âœ…,https://www.youtube.com/watch?v=lz9JXNDBQuM&pp=ygUIRGVlcHNlZWs%3D,51K views,,13 days ago,
DeepSeek vs ChatGPT vs Gemini. CuÃ¡l es la MEJOR IA en 2025.,https://www.youtube.com/watch?v=LflyKhKgv_A&pp=ygUIRGVlcHNlZWs%3D,47K views,,2 weeks ago,
Panic in Silicon Valley? China's DeepSeek challenges US supremacy over AI â€¢ FRANCE 24 English,https://www.youtube.com/watch?v=dEK0IlgcEkY&pp=ygUIRGVlcHNlZWs%3D,264K views,,2 weeks ago,
DeepSeek : le ChatGPT chinois GRATUIT qui fait trembler les Ã‰tats-Unis â€” Nico DÃ©code,https://www.youtube.com/watch?v=BlnwK0DJbEg&pp=ygUIRGVlcHNlZWs%3D,223K views,,2 weeks ago,
How to install DeepSeek on Mac locally for FREE! Easy Method with GUI,https://www.youtube.com/watch?v=sjkJWz6h9VQ&pp=ygUIRGVlcHNlZWs%3D,35K views,,2 weeks ago,
DeepSeek R1 - MAJOR NEW OPENSOURCE REASONING MODEL!,https://www.youtube.com/watch?v=3nM5R23eGkE&pp=ygUIRGVlcHNlZWs%3D,363K views,,3 weeks ago,22:00
DeepSeek R1 ç‚¸è£‚å¯¹å†³ ChatGPTï¼è¿™åœºPKå¤ªçœŸå®ã€åˆå¥½ç©ï¼Œè°ä½œå¼Šè°æ›´ç‹ ï¼Ÿç»“å±€è®©äººæ„å¤–ï¼ | é›¶åº¦è§£è¯´,https://www.youtube.com/watch?v=m3UYUeW_Ul4&pp=ygUIRGVlcHNlZWs%3D,142K views,,4 days ago,
DeepSeek R1 - ĞšĞ¾Ğ½ĞµÑ† ChatGPT Ğ¾Ñ‚ OpenAI? Ğ˜Ğ»Ğ¸ Ğ½ĞµÑ‚? Ğ—Ğ°Ğ¿ÑƒÑĞº Ğ±ĞµÑĞ¿Ğ»Ğ°Ñ‚Ğ½Ğ¾Ğ¹ Ğ¼Ğ¾Ğ´ĞµĞ»Ğ¸ R1 Ğ›Ğ¾ĞºĞ°Ğ»ÑŒĞ½Ğ¾!,https://www.youtube.com/watch?v=DYlYeaI9n40&pp=ygUIRGVlcHNlZWs%3D,104K views,,2 weeks ago,26:02
Liá»‡u DeepSeek cÃ³ láº­t Ä‘á»• cÃ¡c â€˜gÃ£ khá»•ng lá»“â€™ AI cá»§a Má»¹?,https://www.youtube.com/watch?v=Ku8llviLWto&pp=ygUIRGVlcHNlZWs%3D,115K views,,Streamed 2 weeks ago,1:04:11
ChatGPT vs DeepSeek #shorts,https://www.youtube.com/shorts/ZWjhuXeKRYQ,186K views,,2 weeks ago,
OpenAI o3 Mini æ­£å¼å‘å¸ƒï¼å®æµ‹å¯¹æ¯” DeepSeek R1ï¼Œè°æ›´å¼ºï¼Ÿç»“æœè®©äººæ„å¤–ï¼ | é›¶åº¦è§£è¯´,https://www.youtube.com/watch?v=c_Qyi4jy8CQ&pp=ygUIRGVlcHNlZWs%3D,185K views,,13 days ago,
DeepSeek: NVIDIA's Karma for Lying,https://www.youtube.com/watch?v=VYv1zaQNaSs&pp=ygUIRGVlcHNlZWs%3D,174K views,,8 days ago,7:08
How DeepSeek AI Helped Me Create Maps Effortlessly,https://www.youtube.com/watch?v=b_adtnYAwow&pp=ygUIRGVlcHNlZWs%3D,954K views,,3 weeks ago,
Deepseek Ai ğŸ˜± Is this Safe? New Ai Tool from China ğŸ‡¨ğŸ‡³ #deepseek #chatgpt #ai,https://www.youtube.com/shorts/dMzKuVwZzvY,97K views,,2 weeks ago,
How to Install DeepSeek Locally on Windows from Scratch,https://www.youtube.com/watch?v=G5BDBYQAJEs&pp=ygUIRGVlcHNlZWs%3D,15K views,,8 days ago,
What is DeepSeek? AI Model Basics Explained,https://www.youtube.com/watch?v=KTonvXhsxpc&pp=ygUIRGVlcHNlZWs%3D,127K views,,10 days ago,10:22
Todo sobre DeepSeek: la compaÃ±Ã­a china que ha dado un golpe histÃ³rico a Wall Street,https://www.youtube.com/watch?v=AtdgcYXgGSg&pp=ygUIRGVlcHNlZWs%3D,98K views,,2 weeks ago,9:11
How to Earn Rs.2000/Day from DeepSeek AI | Create a Free Tool Website Using Deepseek AI in Telugu,https://www.youtube.com/watch?v=eNS5CZMfRJk&pp=ygUIRGVlcHNlZWs%3D,9.8K views,,1 day ago,24:05
DeepSeek is insane,https://www.youtube.com/shorts/h_fY7yGpv3U,340K views,,2 weeks ago,
ğŸ¤– DeepSeek vs ChatGPT: The Ultimate AI Showdown! ğŸš€ğŸ–¥ï¸||#shorts #shortvideo #viralvideo #codingjourney,https://www.youtube.com/shorts/7Qk5clrNTOU,31K views,,2 weeks ago,
Use DeepSeek de GraÃ§a no VS Code (Testamos),https://www.youtube.com/watch?v=WRQCFU8nLsY&pp=ygUIRGVlcHNlZWs%3D,109K views,,9 days ago,
How to Run DeepSeek for FREE on Your Machine!,https://www.youtube.com/watch?v=91-IGHixPOM&pp=ygUIRGVlcHNlZWs%3D,31K views,,2 weeks ago,17:07
DeepSeek vs. Alibabaâ€™s Qwen2.5-Max: Chinaâ€™s AI Battle - Podcast with Nasir Baig,https://www.youtube.com/watch?v=5QqqOMK0_4I&pp=ygUIRGVlcHNlZWs%3D,182K views,,2 weeks ago,16:31
How To Earn Money On the Internet With DEEPSEEK AI Bot ($190+/Day),https://www.youtube.com/watch?v=NnwzyJPdOlE&pp=ygUIRGVlcHNlZWs%3D,154K views,,2 weeks ago,
æ³¨ç›®ã®è¨€èªãƒ¢ãƒ‡ãƒ«ï¼DeepSeekã®R1ã«ã¤ã„ã¦è§£èª¬ã—ã¦ã¿ãŸ,https://www.youtube.com/watch?v=QaK3SpWnODc&pp=ygUIRGVlcHNlZWs%3D,12K views,,8 days ago,
DeepSeek R1 vs ChatGPT o1 - Ultimate Test,https://www.youtube.com/watch?v=kQZzYMHre0U&pp=ygUIRGVlcHNlZWs%3D,89K views,,2 weeks ago,19:05
Macron Wants the Next DeepSeek to Come Out of France | Firstpost-France TV Exclusive | N18G,https://www.youtube.com/watch?v=g8ZhKHxUde8&pp=ygUIRGVlcHNlZWs%3D,10K views,,6 days ago,
Prayagraj Only for VIPs?| Deepseek |Are we in Deep shi*t?,https://www.youtube.com/watch?v=2cN2MDyLv1A&pp=ygUIRGVlcHNlZWs%3D,404K views,,2 weeks ago,
DeepSeekæ©«ç©ºå‡ºä¸–ï¼Œå°ç¾åœ‹AIå·¨é ­æ„å‘³è‘—ä»€éº¼ï¼ŸDeepSeekçš„æ½›åœ¨å±éšªï½œå‚‘æ£® ï½œ#æ–¹è²æ’­å®¢,https://www.youtube.com/watch?v=cX2KfOEcAA4&pp=ygUIRGVlcHNlZWs%3D,460K views,,2 weeks ago,
DeepSeek Ğ·Ğ¼Ñ–Ğ½ÑÑ” Ğ²ÑĞµ - ĞµĞ²Ğ¾Ğ»ÑÑ†Ñ–Ñ Ğ²Ñ–Ğ´ ĞšĞ¸Ñ‚Ğ°Ñ,https://www.youtube.com/watch?v=O8VkgPPIlM8&pp=ygUIRGVlcHNlZWs%3D,50K views,,6 days ago,
"Trump, DeepSeek in focus for Paris AI summit | REUTERS",https://www.youtube.com/watch?v=-F2NlsUdGMc&pp=ygUIRGVlcHNlZWs%3D,10K views,,6 days ago,
EL FINAL DE CHATGPT OPEN IA: DEEPSEEK R1,https://www.youtube.com/watch?v=2blcZiOYg84&pp=ygUIRGVlcHNlZWs%3D,42K views,,2 weeks ago,
+/-10 Ğ¼Ğ¸Ğ½ÑƒÑ‚ / IT&Ğ˜Ğ˜ / ĞšĞ°Ğº ÑƒÑÑ‚Ñ€Ğ¾ĞµĞ½ Deepseek,https://www.youtube.com/watch?v=gm-kh58Has0&pp=ygUIRGVlcHNlZWs%3D,4.6K views,,5 days ago,
DeepSeek - How a Chinese AI Startup Shook Silicon Valley,https://www.youtube.com/watch?v=xUzzWUlSk98&pp=ygUIRGVlcHNlZWs%3D,521K views,,2 weeks ago,32:45
Sorry Nvidia.. M4 Ultra Mac Studio + DeepSeek = Trouble!,https://www.youtube.com/watch?v=0sU3z7OSalw&pp=ygUIRGVlcHNlZWs%3D,68K views,,3 days ago,9:00
This free Chinese AI just crushed OpenAI's $200 o1 model...,https://www.youtube.com/watch?v=-2k1rcRzsLA&pp=ygUIRGVlcHNlZWs%3D,3M views,,3 weeks ago,4:41
DeepSeek Image Generation Surpasses OpenAI DALLÂ·E,https://www.youtube.com/shorts/kAdqLzHuTkU,75K views,,2 weeks ago,
"Firstpost-France TV Exclusive: Macron Reacts to DeepSeek, Says ""No Plan to Ban Chinese AI"" | N18G",https://www.youtube.com/shorts/7mR5jK88fgk,650K views,,6 days ago,
What is DeepSeek? How To Use It? | ChatGPT Killer,https://www.youtube.com/shorts/mgELuEwt9B8,116K views,,2 weeks ago,
What is DeepSeek and why is it disrupting the AI sector? | REUTERS,https://www.youtube.com/watch?v=7GlXg5fHRmc&pp=ygUIRGVlcHNlZWs%3D,86K views,,2 weeks ago,2:10
Yapay ZekanÄ±n Sputnik AnÄ±! DEEPSEEK,https://www.youtube.com/watch?v=KbZoGw7VP5M&pp=ygUIRGVlcHNlZWs%3D,1.4M views,,2 weeks ago,18:36
Deepseek causa CAÃDA HISTÃ“RICA en las grandes tecnolÃ³gicas,https://www.youtube.com/watch?v=GmEuz0uNpn4&pp=ygUIRGVlcHNlZWs%3D,423K views,,2 weeks ago,52:19
DEEPSEEK: RECEBA $180/DIA USANDO A DEEPSEEK + KIWIFY - Passo a Passo (Dinheiro online),https://www.youtube.com/watch?v=-r2frc-ycbs&pp=ygUIRGVlcHNlZWs%3D,94K views,,10 days ago,16:22
The DeepSeek Mania - Stealing from Thieves,https://www.youtube.com/watch?v=JaiTAREf_AI&pp=ygUIRGVlcHNlZWs%3D,125K views,,2 weeks ago,13:09
DeepSeekç•°è»çªèµ· èƒ½å¦åŠ©ä¸­åœ‹å‹å‡ºç¾ä¸­ç§‘æŠ€æˆ°ï¼Ÿï¼ BBC News ä¸­æ–‡,https://www.youtube.com/watch?v=eAaesRmXofQ&pp=ygUIRGVlcHNlZWs%3D,346K views,,2 weeks ago,5:25
China caught LYING about DeepSeek Ai,https://www.youtube.com/watch?v=ZuMPPf3D5R8&pp=ygUIRGVlcHNlZWs%3D,347K views,,2 weeks ago,
DeepSeek Vs ChatGPT For AI Content Creators | What's Best for Ai Video in 2025 | Live AI War,https://www.youtube.com/watch?v=3Ga8hu4PXhw&pp=ygUIRGVlcHNlZWs%3D,24K views,,2 days ago,9:51
Deepseek R1 | à¤à¤• à¤šà¤¾à¤‡à¤¨à¥€à¤œà¤¼ App à¤¨à¥‡ Donald Trump à¤”à¤° à¤…à¤®à¥‡à¤°à¤¿à¤•à¥€ à¤¶à¥‡à¤¯à¤° à¤¬à¤¾à¤œà¤¼à¤¾à¤° à¤•à¥‹ à¤¹à¤¿à¤²à¤¾ à¤¡à¤¾à¤²à¤¾ | SAGAR SINHA,https://www.youtube.com/watch?v=k_kjMc-bZEQ&pp=ygUIRGVlcHNlZWs%3D,277K views,,2 weeks ago,
DeepSeek-R1 Paper Explained - A New RL LLMs Era in AI?,https://www.youtube.com/watch?v=DCqqCLlsIBU&pp=ygUIRGVlcHNlZWs%3D,74K views,,3 weeks ago,
DeepSeek on Apple Silicon in depth | 4 MacBooks Tested,https://www.youtube.com/watch?v=jdgy9YUSv0s&pp=ygUIRGVlcHNlZWs%3D,166K views,,11 days ago,26:27
